id,name,pred
000004.SZ,ST国华,2
000005.SZ,ST星源,2
000007.SZ,全新好,7
000010.SZ,美丽生态,2
000011.SZ,深物业A,7
000014.SZ,沙河股份,7
000017.SZ,深中华A,2
000019.SZ,深粮控股,7
000020.SZ,深华发A,7
000021.SZ,深科技,7
000023.SZ,深天地A,2
000025.SZ,特  力A,7
000029.SZ,深深房A,5
000030.SZ,富奥股份,6
000032.SZ,深桑达A,2
000034.SZ,神州数码,7
000036.SZ,华联控股,6
000037.SZ,深南电A,1
000038.SZ,*ST大通,2
000040.SZ,东旭蓝天,1
000045.SZ,深纺织A,5
000048.SZ,京基智农,7
000049.SZ,德赛电池,7
000056.SZ,皇庭国际,2
000062.SZ,深圳华强,7
000068.SZ,华控赛格,2
000096.SZ,广聚能源,5
000151.SZ,中成股份,7
000153.SZ,丰原药业,7
000156.SZ,华数传媒,7
000159.SZ,国际实业,6
000403.SZ,派林生物,7
000407.SZ,胜利股份,6
000408.SZ,藏格矿业,4
000416.SZ,民生控股,2
000417.SZ,合肥百货,6
000419.SZ,通程控股,6
000420.SZ,吉林化纤,2
000423.SZ,东阿阿胶,4
000426.SZ,兴业矿业,5
000430.SZ,张家界,2
000503.SZ,国新健康,2
000504.SZ,南华生物,1
000505.SZ,京粮控股,6
000506.SZ,中润资源,7
000509.SZ,华塑控股,5
000510.SZ,新金路,5
000518.SZ,四环生物,2
000519.SZ,中兵红箭,6
000520.SZ,长航凤凰,7
000521.SZ,长虹美菱,6
000524.SZ,岭南控股,5
000525.SZ,ST红太阳,2
000526.SZ,学大教育,2
000529.SZ,广弘控股,7
000530.SZ,冰山冷热,2
000534.SZ,万泽股份,6
000541.SZ,佛山照明,6
000545.SZ,金浦钛业,2
000550.SZ,江铃汽车,7
000551.SZ,创元科技,6
000553.SZ,安道麦A,7
000554.SZ,泰山石油,7
000557.SZ,西部创业,7
000558.SZ,莱茵体育,2
000561.SZ,烽火电子,6
000565.SZ,渝三峡A,7
000567.SZ,海德股份,7
000570.SZ,苏常柴A,6
000573.SZ,粤宏远A,5
000576.SZ,甘化科工,5
000581.SZ,威孚高科,7
000584.SZ,哈工智能,2
000586.SZ,汇源通信,6
000590.SZ,启迪药业,5
000593.SZ,德龙汇能,6
000595.SZ,宝塔实业,1
000596.SZ,古井贡酒,7
000603.SZ,盛达资源,7
000605.SZ,渤海股份,7
000606.SZ,*ST顺利,2
000609.SZ,中迪投资,2
000610.SZ,西安旅游,1
000615.SZ,奥园美谷,2
000622.SZ,恒立实业,2
000626.SZ,远大控股,7
000627.SZ,天茂集团,7
000628.SZ,高新发展,7
000635.SZ,英 力 特,2
000637.SZ,茂化实华,7
000638.SZ,万方发展,7
000639.SZ,西王食品,2
000650.SZ,仁和药业,7
000655.SZ,金岭矿业,5
000657.SZ,中钨高新,7
000661.SZ,长春高新,6
000663.SZ,永安林业,6
000668.SZ,荣丰控股,7
000670.SZ,盈方微,7
000672.SZ,上峰水泥,7
000676.SZ,智度股份,7
000678.SZ,襄阳轴承,2
000679.SZ,大连友谊,1
000681.SZ,视觉中国,7
000682.SZ,东方电子,6
000691.SZ,亚太实业,7
000695.SZ,滨海能源,1
000697.SZ,*ST炼石,1
000702.SZ,正虹科技,2
000705.SZ,浙江震元,6
000710.SZ,贝瑞基因,5
000711.SZ,京蓝科技,2
000713.SZ,丰乐种业,5
000715.SZ,中兴商业,5
000716.SZ,黑芝麻,2
000719.SZ,中原传媒,7
000720.SZ,新能泰山,2
000721.SZ,西安饮食,1
000722.SZ,湖南发展,5
000727.SZ,冠捷科技,2
000733.SZ,振华科技,7
000735.SZ,罗 牛 山,1
000737.SZ,北方铜业,7
000738.SZ,航发控制,5
000739.SZ,普洛药业,6
000751.SZ,锌业股份,7
000752.SZ,*ST西发,2
000756.SZ,新华制药,6
000757.SZ,浩物股份,5
000758.SZ,中色股份,7
000762.SZ,西藏矿业,4
000768.SZ,中航西飞,6
000779.SZ,甘咨询,7
000782.SZ,美达股份,6
000785.SZ,居然之家,7
000788.SZ,北大医药,7
000790.SZ,华神科技,7
000795.SZ,英洛华,6
000798.SZ,中水渔业,1
000799.SZ,酒鬼酒,7
000801.SZ,四川九洲,6
000802.SZ,北京文化,2
000803.SZ,山高环能,7
000806.SZ,*ST银河,2
000813.SZ,德展健康,2
000815.SZ,美利云,1
000819.SZ,岳阳兴长,6
000820.SZ,神雾节能,7
000821.SZ,京山轻机,6
000822.SZ,山东海化,7
000831.SZ,中国稀土,7
000833.SZ,粤桂股份,6
000836.SZ,富通信息,7
000838.SZ,财信发展,2
000848.SZ,承德露露,6
000852.SZ,石化机械,7
000856.SZ,冀东装备,6
000859.SZ,国风新材,6
000862.SZ,银星能源,7
000868.SZ,安凯客车,2
000869.SZ,张  裕A,5
000880.SZ,潍柴重机,7
000886.SZ,海南高速,5
000889.SZ,ST中嘉,2
000890.SZ,法尔胜,7
000892.SZ,欢瑞世纪,5
000893.SZ,亚钾国际,6
000895.SZ,双汇发展,7
000901.SZ,航天科技,5
000909.SZ,数源科技,7
000912.SZ,泸天化,6
000913.SZ,钱江摩托,7
000915.SZ,华特达因,4
000918.SZ,嘉凯城,2
000919.SZ,金陵药业,6
000921.SZ,海信家电,7
000922.SZ,佳电股份,6
000923.SZ,河钢资源,7
000929.SZ,兰州黄河,1
000931.SZ,中 关 村,2
000938.SZ,紫光股份,6
000951.SZ,中国重汽,6
000952.SZ,广济药业,6
000953.SZ,河化股份,5
000955.SZ,欣龙控股,2
000958.SZ,电投产融,7
000962.SZ,东方钽业,6
000970.SZ,中科三环,6
000971.SZ,ST高升,2
000975.SZ,银泰黄金,6
000976.SZ,华铁股份,7
000980.SZ,众泰汽车,2
000982.SZ,中银绒业,5
000985.SZ,大庆华科,5
000989.SZ,九 芝 堂,7
000995.SZ,*ST皇台,7
000996.SZ,中国中期,2
000997.SZ,新 大 陆,7
001201.SZ,东瑞股份,2
001202.SZ,炬申股份,5
001205.SZ,盛航股份,5
001206.SZ,依依股份,5
001208.SZ,华菱线缆,7
001209.SZ,洪兴股份,7
001210.SZ,金房节能,7
001211.SZ,双枪科技,7
001213.SZ,中铁特货,7
001215.SZ,千味央厨,5
001216.SZ,华瓷股份,5
001217.SZ,华尔泰,6
001218.SZ,丽臣实业,5
001219.SZ,青岛食品,5
001222.SZ,源飞宠物,7
001223.SZ,欧克科技,4
001225.SZ,和泰机电,4
001226.SZ,拓山重工,6
001228.SZ,永泰运,4
001229.SZ,魅视科技,7
001230.SZ,劲旅环境,7
001231.SZ,农心科技,7
001234.SZ,泰慕士,7
001236.SZ,弘业期货,7
001238.SZ,浙江正特,7
001255.SZ,博菲电气,7
001256.SZ,炜冈科技,7
001258.SZ,立新能源,5
001259.SZ,利仁科技,7
001260.SZ,坤泰股份,7
001266.SZ,宏英智能,7
001267.SZ,汇绿生态,5
001268.SZ,联合精密,7
001269.SZ,欧晶科技,5
001270.SZ,铖昌科技,5
001278.SZ,一彬科技,7
001283.SZ,豪鹏科技,6
001286.SZ,陕西能源,7
001287.SZ,中电港,7
001288.SZ,运机集团,5
001296.SZ,长江材料,5
001298.SZ,好上好,6
001299.SZ,美能能源,7
001300.SZ,三柏硕,7
001301.SZ,尚太科技,7
001308.SZ,康冠科技,6
001309.SZ,德明利,7
001311.SZ,多利科技,6
001313.SZ,粤海饲料,7
001314.SZ,亿道信息,6
001316.SZ,润贝航科,7
001317.SZ,三羊马,7
001318.SZ,阳光乳业,7
001319.SZ,铭科精技,7
001322.SZ,箭牌家居,6
001323.SZ,慕思股份,7
001328.SZ,登康口腔,6
001330.SZ,博纳影业,7
001331.SZ,胜通能源,7
001332.SZ,锡装股份,5
001333.SZ,光华股份,7
001336.SZ,楚环科技,5
001337.SZ,四川黄金,5
001338.SZ,永顺泰,5
001339.SZ,智微智能,7
001360.SZ,南矿集团,5
001366.SZ,播恩集团,5
001367.SZ,海森药业,5
001368.SZ,通达创智,6
002001.SZ,新 和 成,7
002006.SZ,精工科技,6
002007.SZ,华兰生物,4
002012.SZ,凯恩股份,6
002014.SZ,永新股份,6
002015.SZ,协鑫能科,7
002016.SZ,世荣兆业,7
002017.SZ,东信和平,6
002019.SZ,亿帆医药,5
002020.SZ,京新药业,6
002021.SZ,ST中捷,2
002025.SZ,航天电器,6
002026.SZ,山东威达,7
002028.SZ,思源电气,7
002030.SZ,达安基因,1
002032.SZ,苏 泊 尔,7
002035.SZ,华帝股份,7
002038.SZ,双鹭药业,7
002039.SZ,黔源电力,7
002041.SZ,登海种业,7
002043.SZ,兔 宝 宝,7
002045.SZ,国光电器,6
002046.SZ,国机精工,6
002048.SZ,宁波华翔,7
002051.SZ,中工国际,6
002053.SZ,云南能投,6
002057.SZ,中钢天源,7
002058.SZ,威尔泰,2
002063.SZ,远光软件,5
002064.SZ,华峰化学,7
002072.SZ,凯瑞德,6
002075.SZ,沙钢股份,7
002076.SZ,雪莱特,5
002077.SZ,大港股份,7
002079.SZ,苏州固锝,5
002082.SZ,万邦德,7
002084.SZ,海鸥住工,6
002095.SZ,生 意 宝,7
002096.SZ,南岭民爆,7
002098.SZ,浔兴股份,7
002101.SZ,广东鸿图,7
002103.SZ,广博股份,6
002104.SZ,恒宝股份,7
002105.SZ,信隆健康,6
002106.SZ,莱宝高科,6
002107.SZ,沃华医药,6
002108.SZ,沧州明珠,7
002109.SZ,兴化股份,7
002112.SZ,三变科技,6
002113.SZ,ST天润,2
002114.SZ,罗平锌电,1
002116.SZ,中国海诚,7
002117.SZ,东港股份,6
002118.SZ,紫鑫药业,2
002119.SZ,康强电子,6
002124.SZ,天邦食品,2
002125.SZ,湘潭电化,7
002128.SZ,电投能源,7
002134.SZ,天津普林,6
002136.SZ,安 纳 达,6
002137.SZ,实益达,7
002138.SZ,顺络电子,6
002140.SZ,东华科技,7
002141.SZ,贤丰控股,6
002144.SZ,宏达高科,7
002145.SZ,中核钛白,7
002148.SZ,北纬科技,5
002150.SZ,通润装备,7
002152.SZ,广电运通,6
002153.SZ,石基信息,2
002156.SZ,通富微电,6
002158.SZ,汉钟精机,7
002160.SZ,常铝股份,2
002164.SZ,宁波东力,1
002165.SZ,红 宝 丽,1
002166.SZ,莱茵生物,5
002168.SZ,惠程科技,1
002172.SZ,澳洋健康,1
002175.SZ,东方智造,6
002176.SZ,江特电机,7
002178.SZ,延华智能,1
002180.SZ,纳思达,7
002181.SZ,粤 传 媒,5
002184.SZ,海得控制,7
002186.SZ,全 聚 德,1
002187.SZ,广百股份,5
002188.SZ,中天服务,7
002189.SZ,中光学,7
002190.SZ,成飞集成,5
002191.SZ,劲嘉股份,5
002192.SZ,融捷股份,4
002193.SZ,如意集团,7
002194.SZ,武汉凡谷,6
002196.SZ,方正电机,7
002198.SZ,嘉应制药,7
002199.SZ,东晶电子,1
002200.SZ,ST交投,2
002201.SZ,正威新材,7
002204.SZ,大连重工,6
002205.SZ,国统股份,4
002206.SZ,海 利 得,6
002207.SZ,准油股份,6
002209.SZ,达 意 隆,5
002211.SZ,ST宏达,2
002213.SZ,大为股份,5
002216.SZ,三全食品,7
002219.SZ,新里程,5
002222.SZ,福晶科技,5
002223.SZ,鱼跃医疗,7
002227.SZ,奥 特 迅,2
002229.SZ,鸿博股份,5
002230.SZ,科大讯飞,6
002231.SZ,奥维通信,7
002232.SZ,启明信息,5
002233.SZ,塔牌集团,6
002234.SZ,民和股份,1
002235.SZ,安妮股份,2
002236.SZ,大华股份,7
002238.SZ,天威视讯,6
002239.SZ,奥特佳,2
002242.SZ,九阳股份,6
002243.SZ,力合科创,6
002246.SZ,北化股份,6
002247.SZ,聚力文化,6
002248.SZ,华东数控,7
002249.SZ,大洋电机,7
002251.SZ,步 步 高,2
002253.SZ,川大智胜,5
002254.SZ,泰和新材,6
002255.SZ,海陆重工,6
002256.SZ,兆新股份,5
002261.SZ,拓维信息,7
002262.SZ,恩华药业,4
002263.SZ,大东南,7
002264.SZ,新 华 都,7
002265.SZ,西仪股份,7
002268.SZ,电科网安,5
002272.SZ,川润股份,2
002275.SZ,桂林三金,7
002278.SZ,神开股份,7
002280.SZ,联络互动,2
002281.SZ,光迅科技,7
002282.SZ,博深股份,7
002283.SZ,天润工业,6
002285.SZ,世联行,1
002286.SZ,保龄宝,7
002288.SZ,超华科技,7
002289.SZ,宇顺电子,2
002290.SZ,禾盛新材,6
002293.SZ,罗莱生活,6
002294.SZ,信立泰,5
002295.SZ,精艺股份,7
002297.SZ,博云新材,5
002300.SZ,太阳电缆,7
002301.SZ,齐心集团,1
002303.SZ,美盈森,5
002304.SZ,洋河股份,5
002308.SZ,威创股份,2
002313.SZ,*ST日海,1
002315.SZ,焦点科技,6
002316.SZ,亚联发展,4
002317.SZ,众生药业,6
002319.SZ,乐通股份,1
002320.SZ,海峡股份,5
002321.SZ,ST华英,1
002322.SZ,理工能科,7
002323.SZ,雅博股份,5
002324.SZ,普利特,6
002327.SZ,富安娜,6
002328.SZ,新朋股份,7
002330.SZ,得利斯,6
002331.SZ,皖通科技,2
002333.SZ,罗普斯金,7
002334.SZ,英威腾,6
002335.SZ,科华数据,7
002336.SZ,人人乐,1
002337.SZ,赛象科技,7
002338.SZ,奥普光电,5
002339.SZ,积成电子,2
002342.SZ,巨力索具,7
002343.SZ,慈文传媒,2
002346.SZ,柘中股份,7
002348.SZ,高乐股份,2
002349.SZ,精华制药,5
002350.SZ,北京科锐,7
002351.SZ,漫步者,6
002353.SZ,杰瑞股份,7
002355.SZ,兴民智通,2
002356.SZ,赫美集团,7
002357.SZ,富临运业,7
002358.SZ,森源电气,2
002362.SZ,汉王科技,1
002364.SZ,中恒电气,7
002365.SZ,永安药业,6
002366.SZ,*ST海核,2
002367.SZ,康力电梯,6
002369.SZ,卓翼科技,2
002372.SZ,伟星新材,4
002379.SZ,宏创控股,1
002380.SZ,科远智慧,7
002383.SZ,合众思壮,7
002388.SZ,新亚制程,7
002389.SZ,航天彩虹,5
002393.SZ,力生制药,5
002395.SZ,双象股份,6
002396.SZ,星网锐捷,6
002397.SZ,梦洁股份,2
002401.SZ,中远海科,6
002403.SZ,爱仕达,2
002404.SZ,嘉欣丝绸,6
002409.SZ,雅克科技,7
002412.SZ,汉森制药,7
002413.SZ,雷科防务,5
002414.SZ,高德红外,5
002417.SZ,*ST深南,2
002419.SZ,天虹股份,6
002421.SZ,达实智能,5
002423.SZ,中粮资本,7
002424.SZ,贵州百灵,7
002426.SZ,胜利精密,1
002427.SZ,*ST尤夫,1
002428.SZ,云南锗业,5
002432.SZ,九安医疗,1
002435.SZ,长江健康,5
002438.SZ,江苏神通,6
002440.SZ,闰土股份,7
002442.SZ,龙星化工,6
002443.SZ,金洲管道,6
002448.SZ,中原内配,7
002451.SZ,摩恩电气,6
002452.SZ,长高电新,5
002453.SZ,华软科技,2
002454.SZ,松芝股份,7
002457.SZ,青龙管业,6
002458.SZ,益生股份,1
002459.SZ,晶澳科技,5
002463.SZ,沪电股份,6
002467.SZ,二六三,5
002469.SZ,三维化学,6
002476.SZ,宝莫股份,5
002478.SZ,常宝股份,6
002481.SZ,双塔食品,2
002483.SZ,润邦股份,6
002484.SZ,江海股份,6
002487.SZ,大金重工,7
002488.SZ,金固股份,1
002489.SZ,浙江永强,5
002494.SZ,华斯股份,1
002495.SZ,佳隆股份,7
002498.SZ,汉缆股份,7
002502.SZ,鼎龙文化,2
002507.SZ,涪陵榨菜,4
002508.SZ,老板电器,7
002513.SZ,蓝丰生化,2
002514.SZ,宝馨科技,5
002515.SZ,金字火腿,7
002516.SZ,旷达科技,5
002517.SZ,恺英网络,7
002518.SZ,科士达,6
002519.SZ,银河电子,5
002520.SZ,日发精机,2
002522.SZ,浙江众成,7
002523.SZ,天桥起重,5
002528.SZ,英飞拓,2
002530.SZ,金财互联,2
002532.SZ,天山铝业,7
002533.SZ,金杯电工,6
002536.SZ,飞龙股份,7
002537.SZ,海联金汇,5
002543.SZ,万和电气,7
002545.SZ,东方铁塔,7
002546.SZ,新联电子,5
002549.SZ,凯美特气,4
002550.SZ,千红制药,5
002552.SZ,宝鼎科技,6
002553.SZ,南方精工,5
002555.SZ,三七互娱,7
002558.SZ,巨人网络,7
002559.SZ,亚威股份,7
002560.SZ,通达股份,6
002561.SZ,徐家汇,5
002563.SZ,森马服饰,6
002566.SZ,益盛药业,5
002569.SZ,ST步森,1
002570.SZ,贝因美,7
002571.SZ,德力股份,1
002572.SZ,索菲亚,6
002575.SZ,群兴玩具,7
002576.SZ,通达动力,7
002577.SZ,雷柏科技,5
002578.SZ,闽发铝业,6
002579.SZ,中京电子,1
002580.SZ,圣阳股份,7
002584.SZ,西陇科学,7
002587.SZ,奥拓电子,7
002590.SZ,万安科技,5
002591.SZ,恒大高新,2
002592.SZ,ST八菱,2
002593.SZ,日上集团,6
002595.SZ,豪迈科技,6
002598.SZ,山东章鼓,6
002599.SZ,盛通股份,2
002600.SZ,领益智造,7
002602.SZ,世纪华通,7
002605.SZ,姚记科技,7
002606.SZ,大连电瓷,7
002609.SZ,捷顺科技,7
002611.SZ,东方精工,6
002613.SZ,北玻股份,7
002620.SZ,瑞和股份,2
002621.SZ,美吉姆,2
002622.SZ,皓宸医疗,2
002623.SZ,亚玛顿,7
002624.SZ,完美世界,6
002625.SZ,光启技术,7
002626.SZ,金达威,6
002629.SZ,仁智股份,4
002632.SZ,道明光学,7
002633.SZ,申科股份,2
002634.SZ,棒杰股份,5
002635.SZ,安洁科技,5
002636.SZ,金安国纪,7
002637.SZ,赞宇科技,7
002639.SZ,雪人股份,2
002642.SZ,荣联科技,6
002643.SZ,万润股份,6
002644.SZ,佛慈制药,5
002646.SZ,天佑德酒,5
002647.SZ,仁东控股,2
002650.SZ,加加食品,2
002651.SZ,利君股份,5
002652.SZ,扬子新材,2
002654.SZ,万润科技,2
002655.SZ,共达电声,7
002656.SZ,ST摩登,7
002660.SZ,茂硕电源,6
002664.SZ,信质集团,7
002666.SZ,德联集团,7
002667.SZ,鞍重股份,5
002669.SZ,康达新材,1
002671.SZ,龙泉股份,2
002674.SZ,兴业科技,7
002675.SZ,东诚药业,7
002676.SZ,顺威股份,5
002677.SZ,浙江美大,6
002678.SZ,珠江钢琴,5
002679.SZ,福建金森,7
002685.SZ,华东重机,2
002686.SZ,亿利达,5
002687.SZ,乔治白,7
002688.SZ,金河生物,5
002689.SZ,远大智能,2
002690.SZ,美亚光电,4
002691.SZ,冀凯股份,5
002692.SZ,ST远程,7
002693.SZ,双成药业,5
002694.SZ,顾地科技,1
002695.SZ,煌上煌,5
002696.SZ,百洋股份,7
002697.SZ,红旗连锁,6
002699.SZ,ST美盛,1
002700.SZ,ST浩源,2
002702.SZ,海欣食品,5
002703.SZ,浙江世宝,5
002705.SZ,新宝股份,7
002706.SZ,良信股份,6
002708.SZ,光洋股份,1
002712.SZ,思美传媒,6
002713.SZ,东易日盛,2
002715.SZ,登云股份,1
002718.SZ,友邦吊顶,2
002719.SZ,麦趣尔,2
002723.SZ,小崧股份,7
002724.SZ,海洋王,7
002725.SZ,跃岭股份,6
002729.SZ,好利科技,5
002730.SZ,电光科技,7
002731.SZ,萃华珠宝,7
002732.SZ,燕塘乳业,6
002735.SZ,王子新材,5
002737.SZ,葵花药业,6
002739.SZ,万达电影,2
002740.SZ,ST爱迪尔,2
002743.SZ,富煌钢构,7
002746.SZ,仙坛股份,7
002747.SZ,埃斯顿,7
002748.SZ,世龙实业,7
002750.SZ,龙津药业,5
002751.SZ,*ST易尚,2
002752.SZ,昇兴股份,7
002755.SZ,奥赛康,2
002757.SZ,南兴股份,7
002759.SZ,天际股份,6
002760.SZ,凤形股份,7
002762.SZ,金发拉比,5
002763.SZ,汇洁股份,7
002765.SZ,蓝黛科技,5
002767.SZ,先锋电子,5
002768.SZ,国恩股份,7
002769.SZ,普路通,7
002771.SZ,真视通,7
002774.SZ,快意电梯,5
002776.SZ,ST柏龙,2
002777.SZ,久远银海,5
002778.SZ,中晟高科,7
002779.SZ,中坚科技,7
002780.SZ,三夫户外,2
002782.SZ,可立克,5
002785.SZ,万里石,2
002786.SZ,银宝山新,2
002788.SZ,鹭燕医药,7
002790.SZ,瑞尔特,5
002791.SZ,坚朗五金,7
002792.SZ,通宇通讯,7
002795.SZ,永和智控,7
002796.SZ,世嘉科技,2
002799.SZ,环球印务,7
002800.SZ,天顺股份,7
002801.SZ,微光股份,4
002802.SZ,洪汇新材,5
002803.SZ,吉宏股份,5
002805.SZ,丰元股份,5
002808.SZ,恒久科技,2
002809.SZ,红墙股份,7
002810.SZ,山东赫达,7
002813.SZ,路畅科技,5
002816.SZ,和科达,2
002817.SZ,黄山胶囊,5
002818.SZ,富森美,6
002819.SZ,东方中科,5
002820.SZ,桂发祥,5
002821.SZ,凯莱英,4
002824.SZ,和胜股份,7
002825.SZ,纳尔股份,7
002826.SZ,易明医药,5
002827.SZ,高争民爆,5
002828.SZ,贝肯能源,2
002829.SZ,星网宇达,5
002830.SZ,名雕股份,7
002835.SZ,同为股份,7
002836.SZ,新宏泽,7
002837.SZ,英维克,5
002843.SZ,泰嘉股份,5
002845.SZ,同兴达,5
002847.SZ,盐津铺子,5
002848.SZ,高斯贝尔,2
002849.SZ,威星智能,7
002852.SZ,道道全,2
002853.SZ,皮阿诺,2
002855.SZ,捷荣技术,2
002856.SZ,美芝股份,2
002857.SZ,三晖电气,7
002858.SZ,力盛体育,5
002862.SZ,实丰文化,2
002866.SZ,传艺科技,5
002867.SZ,周大生,7
002868.SZ,绿康生化,1
002869.SZ,金溢科技,2
002870.SZ,香山股份,5
002871.SZ,伟隆股份,6
002872.SZ,ST天圣,2
002875.SZ,安奈儿,2
002876.SZ,三利谱,6
002878.SZ,元隆雅图,6
002879.SZ,长缆科技,5
002880.SZ,卫光生物,7
002881.SZ,美格智能,7
002882.SZ,金龙羽,5
002883.SZ,中设股份,5
002884.SZ,凌霄泵业,6
002885.SZ,京泉华,5
002886.SZ,沃特股份,5
002888.SZ,惠威科技,7
002889.SZ,东方嘉盛,7
002890.SZ,弘宇股份,7
002892.SZ,科力尔,7
002897.SZ,意华股份,7
002898.SZ,赛隆药业,5
002899.SZ,英派斯,7
002900.SZ,哈三联,2
002901.SZ,大博医疗,7
002902.SZ,铭普光磁,5
002903.SZ,宇环数控,5
002905.SZ,金逸影视,1
002906.SZ,华阳集团,5
002908.SZ,德生科技,5
002909.SZ,集泰股份,7
002910.SZ,庄园牧场,5
002912.SZ,中新赛克,5
002913.SZ,奥士康,7
002915.SZ,中欣氟材,7
002917.SZ,金奥博,7
002919.SZ,名臣健康,2
002920.SZ,德赛西威,5
002922.SZ,伊戈尔,6
002923.SZ,润都股份,7
002925.SZ,盈趣科技,7
002927.SZ,泰永长征,7
002932.SZ,明德生物,4
002933.SZ,新兴装备,2
002935.SZ,天奥电子,7
002937.SZ,兴瑞科技,7
002938.SZ,鹏鼎控股,6
002940.SZ,昂利康,5
002942.SZ,新农股份,7
002943.SZ,宇晶股份,5
002947.SZ,恒铭达,5
002950.SZ,奥美医疗,7
002951.SZ,金时科技,5
002952.SZ,亚世光电,7
002955.SZ,鸿合科技,7
002956.SZ,西麦食品,7
002957.SZ,科瑞技术,7
002960.SZ,青鸟消防,5
002962.SZ,五方光电,5
002963.SZ,豪尔赛,5
002967.SZ,广电计量,5
002968.SZ,新大正,6
002970.SZ,锐明技术,2
002971.SZ,和远气体,7
002972.SZ,科安达,5
002976.SZ,瑞玛精密,7
002977.SZ,天箭科技,7
002978.SZ,安宁股份,4
002979.SZ,雷赛智能,7
002980.SZ,华盛昌,7
002981.SZ,朝阳科技,2
002983.SZ,芯瑞达,5
002985.SZ,北摩高科,5
002986.SZ,宇新股份,6
002990.SZ,盛视科技,5
002991.SZ,甘源食品,7
002992.SZ,宝明科技,2
002993.SZ,奥海科技,7
002995.SZ,天地在线,2
002999.SZ,天禾股份,7
003000.SZ,劲仔食品,5
003001.SZ,中岩大地,1
003002.SZ,壶化股份,7
003003.SZ,天元股份,7
003005.SZ,竞业达,7
003006.SZ,百亚股份,5
003007.SZ,直真科技,2
003008.SZ,开普检测,5
003010.SZ,若羽臣,2
003011.SZ,海象新材,7
003012.SZ,东鹏控股,2
003013.SZ,地铁设计,6
003015.SZ,日久光电,5
003016.SZ,欣贺股份,7
003017.SZ,大洋生物,7
003018.SZ,金富科技,5
003019.SZ,宸展光电,7
003020.SZ,立方制药,6
003021.SZ,兆威机电,5
003022.SZ,联泓新科,5
003023.SZ,彩虹集团,7
003025.SZ,思进智能,5
003026.SZ,中晶科技,7
003027.SZ,同兴环保,5
003028.SZ,振邦智能,5
003029.SZ,吉大正元,5
003030.SZ,祖名股份,7
003031.SZ,中瓷电子,5
003032.SZ,传智教育,5
003033.SZ,征和工业,7
003035.SZ,南网能源,5
003036.SZ,泰坦股份,6
003037.SZ,三和管桩,5
003038.SZ,鑫铂股份,6
003040.SZ,楚天龙,5
003041.SZ,真爱美家,7
003042.SZ,中农联合,7
300001.SZ,特锐德,6
300004.SZ,南风股份,2
300005.SZ,探路者,7
300007.SZ,汉威科技,7
300008.SZ,天海防务,5
300009.SZ,安科生物,5
300011.SZ,鼎汉技术,6
300012.SZ,华测检测,7
300013.SZ,新宁物流,2
300014.SZ,亿纬锂能,7
300015.SZ,爱尔眼科,7
300017.SZ,网宿科技,5
300018.SZ,中元股份,5
300019.SZ,硅宝科技,6
300022.SZ,吉峰科技,6
300024.SZ,机器人,1
300025.SZ,华星创业,5
300029.SZ,ST天龙,7
300032.SZ,金龙机电,2
300033.SZ,同花顺,4
300034.SZ,钢研高纳,7
300035.SZ,中科电气,7
300036.SZ,超图软件,5
300039.SZ,上海凯宝,5
300042.SZ,朗科科技,7
300044.SZ,赛为智能,2
300045.SZ,华力创通,5
300046.SZ,台基股份,5
300048.SZ,合康新能,5
300049.SZ,福瑞股份,7
300050.SZ,世纪鼎利,2
300051.SZ,三五互联,4
300052.SZ,中青宝,2
300053.SZ,欧比特,1
300054.SZ,鼎龙股份,5
300056.SZ,中创环保,2
300061.SZ,旗天科技,2
300063.SZ,天龙集团,7
300066.SZ,三川智慧,5
300067.SZ,安诺其,7
300069.SZ,金利华电,2
300073.SZ,当升科技,7
300074.SZ,华平股份,2
300075.SZ,数字政通,5
300076.SZ,GQY视讯,2
300079.SZ,数码视讯,5
300081.SZ,恒信东方,2
300082.SZ,奥克股份,6
300084.SZ,海默科技,5
300085.SZ,银之杰,5
300086.SZ,康芝药业,2
300087.SZ,荃银高科,6
300091.SZ,金通灵,2
300092.SZ,科新机电,6
300095.SZ,华伍股份,7
300096.SZ,易联众,2
300097.SZ,智云股份,2
300098.SZ,高新兴,5
300099.SZ,精准信息,7
300100.SZ,双林股份,7
300101.SZ,振芯科技,5
300102.SZ,乾照光电,6
300103.SZ,达刚控股,2
300105.SZ,龙源技术,5
300106.SZ,西部牧业,7
300107.SZ,建新股份,5
300108.SZ,*ST吉药,2
300109.SZ,新开源,7
300110.SZ,华仁药业,5
300113.SZ,顺网科技,1
300114.SZ,中航电测,6
300115.SZ,长盈精密,1
300116.SZ,保力新,2
300119.SZ,瑞普生物,6
300120.SZ,经纬辉开,7
300122.SZ,智飞生物,6
300123.SZ,亚光科技,2
300124.SZ,汇川技术,7
300125.SZ,聆达股份,5
300126.SZ,锐奇股份,5
300127.SZ,银河磁体,6
300128.SZ,锦富技术,2
300129.SZ,泰胜风能,7
300132.SZ,青松股份,2
300133.SZ,华策影视,7
300134.SZ,大富科技,1
300135.SZ,宝利国际,2
300136.SZ,信维通信,7
300137.SZ,先河环保,7
300140.SZ,中环装备,2
300141.SZ,和顺电气,7
300143.SZ,盈康生命,5
300144.SZ,宋城演艺,4
300146.SZ,汤臣倍健,4
300148.SZ,天舟文化,2
300149.SZ,睿智医药,7
300150.SZ,世纪瑞尔,5
300152.SZ,新动力,5
300153.SZ,科泰电源,6
300154.SZ,瑞凌股份,6
300155.SZ,安居宝,4
300160.SZ,秀强股份,6
300161.SZ,华中数控,6
300162.SZ,雷曼光电,7
300163.SZ,先锋新材,2
300165.SZ,天瑞仪器,2
300167.SZ,迪威迅,2
300171.SZ,东富龙,7
300172.SZ,中电环保,6
300173.SZ,福能东方,1
300175.SZ,朗源股份,2
300176.SZ,派生科技,2
300177.SZ,中海达,7
300179.SZ,四方达,5
300180.SZ,华峰超纤,2
300181.SZ,佐力药业,7
300183.SZ,东软载波,7
300184.SZ,力源信息,7
300187.SZ,永清环保,4
300188.SZ,美亚柏科,5
300189.SZ,神农科技,2
300191.SZ,潜能恒信,5
300192.SZ,科德教育,2
300193.SZ,佳士科技,6
300194.SZ,福安药业,5
300195.SZ,长荣股份,2
300198.SZ,纳川股份,2
300200.SZ,高盟新材,6
300201.SZ,海伦哲,6
300203.SZ,聚光科技,4
300204.SZ,舒泰神,5
300205.SZ,天喻信息,2
300206.SZ,理邦仪器,5
300209.SZ,有棵树,2
300210.SZ,森远股份,2
300211.SZ,亿通科技,5
300214.SZ,日科化学,6
300217.SZ,东方电热,7
300219.SZ,鸿利智汇,7
300221.SZ,银禧科技,1
300222.SZ,科大智能,1
300223.SZ,北京君正,4
300225.SZ,金力泰,2
300227.SZ,光韵达,6
300228.SZ,富瑞特装,2
300230.SZ,永利股份,7
300233.SZ,金城医药,5
300234.SZ,开尔新材,5
300235.SZ,方直科技,5
300238.SZ,冠昊生物,5
300240.SZ,飞力达,7
300241.SZ,瑞丰光电,7
300242.SZ,佳云科技,2
300245.SZ,天玑科技,7
300247.SZ,融捷健康,7
300248.SZ,新开普,4
300249.SZ,依米康,6
300250.SZ,初灵信息,7
300252.SZ,金信诺,7
300254.SZ,仟源医药,2
300255.SZ,常山药业,6
300256.SZ,ST星星,7
300257.SZ,开山股份,7
300259.SZ,新天科技,6
300261.SZ,雅本化学,7
300264.SZ,佳创视讯,2
300266.SZ,兴源环境,1
300267.SZ,尔康制药,2
300268.SZ,*ST佳沃,1
300269.SZ,联建光电,2
300270.SZ,中威电子,5
300271.SZ,华宇软件,2
300272.SZ,开能健康,7
300275.SZ,梅安森,5
300276.SZ,三丰智能,7
300277.SZ,海联讯,7
300279.SZ,和晶科技,1
300280.SZ,紫天科技,7
300281.SZ,金明精机,5
300282.SZ,ST三盛,2
300285.SZ,国瓷材料,5
300286.SZ,安科瑞,4
300287.SZ,飞利信,1
300288.SZ,朗玛信息,7
300289.SZ,利德曼,5
300290.SZ,荣科科技,5
300291.SZ,百纳千成,2
300292.SZ,吴通控股,7
300293.SZ,蓝英装备,2
300294.SZ,博雅生物,4
300295.SZ,三六五网,5
300299.SZ,富春股份,4
300300.SZ,海峡创新,2
300301.SZ,*ST长方,2
300302.SZ,同有科技,2
300304.SZ,云意电气,6
300306.SZ,远方信息,5
300307.SZ,慈星股份,5
300308.SZ,中际旭创,7
300309.SZ,*ST吉艾,1
300310.SZ,宜通世纪,7
300311.SZ,任子行,7
300313.SZ,ST天山,2
300314.SZ,戴维医疗,5
300316.SZ,晶盛机电,5
300317.SZ,珈伟新能,5
300318.SZ,博晖创新,2
300319.SZ,麦捷科技,6
300320.SZ,海达股份,6
300321.SZ,同大股份,5
300322.SZ,硕贝德,2
300324.SZ,旋极信息,5
300326.SZ,凯利泰,5
300327.SZ,中颖电子,6
300329.SZ,海伦钢琴,2
300330.SZ,*ST计通,2
300331.SZ,苏大维格,2
300333.SZ,兆日科技,2
300337.SZ,银邦股份,6
300338.SZ,ST开元,2
300339.SZ,润和软件,5
300341.SZ,麦克奥迪,6
300342.SZ,天银机电,5
300343.SZ,联创股份,6
300344.SZ,立方数科,1
300345.SZ,华民股份,2
300347.SZ,泰格医药,4
300348.SZ,长亮科技,5
300349.SZ,金卡智能,6
300350.SZ,华鹏飞,2
300351.SZ,永贵电器,5
300352.SZ,北信源,5
300353.SZ,东土科技,4
300354.SZ,东华测试,4
300356.SZ,*ST光一,2
300357.SZ,我武生物,4
300358.SZ,楚天科技,7
300359.SZ,全通教育,7
300360.SZ,炬华科技,4
300363.SZ,博腾股份,7
300364.SZ,中文在线,2
300365.SZ,恒华科技,5
300366.SZ,创意信息,2
300368.SZ,汇金股份,2
300369.SZ,绿盟科技,7
300371.SZ,汇中股份,7
300373.SZ,扬杰科技,7
300374.SZ,中铁装配,5
300375.SZ,鹏翎股份,7
300377.SZ,赢时胜,7
300378.SZ,鼎捷软件,7
300379.SZ,东方通,5
300380.SZ,安硕信息,7
300383.SZ,光环新网,6
300384.SZ,三联虹普,7
300385.SZ,雪浪环境,7
300386.SZ,飞天诚信,5
300387.SZ,富邦股份,7
300389.SZ,艾比森,7
300390.SZ,天华新能,7
300391.SZ,长药控股,2
300392.SZ,*ST腾信,2
300394.SZ,天孚通信,5
300395.SZ,菲利华,5
300396.SZ,迪瑞医疗,5
300397.SZ,天和防务,2
300399.SZ,天利科技,5
300400.SZ,劲拓股份,5
300402.SZ,宝色股份,7
300403.SZ,汉宇集团,5
300404.SZ,博济医药,7
300405.SZ,科隆股份,2
300408.SZ,三环集团,7
300410.SZ,正业科技,7
300411.SZ,金盾股份,2
300412.SZ,迦南科技,5
300413.SZ,芒果超媒,5
300414.SZ,中光防雷,7
300415.SZ,伊之密,6
300417.SZ,南华仪器,5
300419.SZ,浩丰科技,2
300420.SZ,五洋停车,2
300421.SZ,力星股份,7
300423.SZ,昇辉科技,5
300425.SZ,中建环能,5
300428.SZ,立中集团,7
300430.SZ,诚益通,7
300432.SZ,富临精工,7
300434.SZ,金石亚药,7
300435.SZ,中泰股份,6
300436.SZ,广生堂,5
300439.SZ,美康生物,7
300440.SZ,运达科技,7
300441.SZ,鲍斯股份,5
300442.SZ,润泽科技,5
300443.SZ,金雷股份,5
300444.SZ,双杰电气,2
300445.SZ,康斯特,5
300446.SZ,乐凯新材,5
300447.SZ,全信股份,7
300448.SZ,浩云科技,5
300449.SZ,汉邦高科,2
300451.SZ,创业慧康,5
300452.SZ,山河药辅,5
300453.SZ,三鑫医疗,5
300454.SZ,深信服,5
300455.SZ,康拓红外,7
300456.SZ,赛微电子,5
300457.SZ,赢合科技,6
300458.SZ,全志科技,5
300459.SZ,汤姆猫,7
300460.SZ,惠伦晶体,2
300461.SZ,田中精机,5
300462.SZ,华铭智能,2
300463.SZ,迈克生物,7
300464.SZ,星徽股份,2
300465.SZ,高伟达,5
300466.SZ,赛摩智能,5
300467.SZ,迅游科技,2
300468.SZ,四方精创,5
300469.SZ,信息发展,2
300470.SZ,中密控股,7
300471.SZ,厚普股份,5
300472.SZ,新元科技,2
300474.SZ,景嘉微,7
300475.SZ,香农芯创,6
300476.SZ,胜宏科技,6
300477.SZ,合纵科技,7
300478.SZ,杭州高新,2
300479.SZ,神思电子,2
300480.SZ,光力科技,5
300481.SZ,濮阳惠成,5
300484.SZ,蓝海华腾,7
300485.SZ,赛升药业,5
300488.SZ,恒锋工具,7
300489.SZ,光智科技,2
300491.SZ,通合科技,7
300492.SZ,华图山鼎,7
300493.SZ,润欣科技,7
300494.SZ,盛天网络,7
300496.SZ,中科创达,5
300500.SZ,启迪设计,7
300502.SZ,新易盛,7
300503.SZ,昊志机电,7
300504.SZ,天邑股份,6
300507.SZ,苏奥传感,5
300508.SZ,维宏股份,5
300509.SZ,新美星,7
300510.SZ,金冠股份,7
300512.SZ,中亚股份,7
300513.SZ,恒实科技,2
300514.SZ,友讯达,7
300515.SZ,三德科技,7
300516.SZ,久之洋,5
300518.SZ,盛讯达,7
300519.SZ,新光药业,7
300521.SZ,爱司凯,7
300522.SZ,世名科技,7
300523.SZ,辰安科技,7
300525.SZ,博思软件,7
300526.SZ,*ST中潜,2
300528.SZ,幸福蓝海,5
300530.SZ,达志科技,1
300531.SZ,优博讯,7
300533.SZ,冰川网络,5
300534.SZ,陇神戎发,5
300535.SZ,达威股份,7
300536.SZ,农尚环境,5
300537.SZ,广信材料,2
300538.SZ,同益股份,5
300540.SZ,蜀道装备,5
300541.SZ,先进数通,5
300542.SZ,新晨科技,7
300546.SZ,雄帝科技,7
300547.SZ,川环科技,7
300548.SZ,博创科技,5
300549.SZ,优德精密,5
300550.SZ,和仁科技,7
300551.SZ,古鳌科技,7
300552.SZ,万集科技,5
300553.SZ,集智股份,5
300555.SZ,ST路通,2
300557.SZ,理工光科,5
300558.SZ,贝达药业,7
300559.SZ,佳发教育,5
300560.SZ,中富通,7
300561.SZ,汇金科技,5
300562.SZ,乐心医疗,2
300563.SZ,神宇股份,5
300564.SZ,筑博设计,6
300565.SZ,科信技术,2
300570.SZ,太辰光,5
300571.SZ,平治信息,7
300572.SZ,安车检测,7
300573.SZ,兴齐眼药,5
300575.SZ,中旗股份,6
300576.SZ,容大感光,7
300578.SZ,会畅通讯,5
300579.SZ,数字认证,5
300581.SZ,晨曦航空,7
300582.SZ,英飞特,6
300583.SZ,赛托生物,7
300584.SZ,海辰药业,7
300585.SZ,奥联电子,7
300588.SZ,熙菱信息,2
300589.SZ,江龙船艇,7
300590.SZ,移为通信,7
300592.SZ,华凯易佰,5
300594.SZ,朗进科技,5
300595.SZ,欧普康视,5
300596.SZ,利安隆,6
300597.SZ,吉大通信,7
300598.SZ,诚迈科技,2
300599.SZ,雄塑科技,7
300600.SZ,国瑞科技,5
300602.SZ,飞荣达,5
300603.SZ,立昂技术,2
300604.SZ,长川科技,5
300606.SZ,金太阳,7
300609.SZ,汇纳科技,5
300610.SZ,晨化股份,5
300612.SZ,宣亚国际,5
300615.SZ,欣天科技,7
300616.SZ,尚品宅配,2
300617.SZ,安靠智电,7
300620.SZ,光库科技,5
300621.SZ,维业股份,5
300622.SZ,博士眼镜,7
300625.SZ,三雄极光,5
300626.SZ,华瑞股份,7
300627.SZ,华测导航,5
300628.SZ,亿联网络,4
300632.SZ,光莆股份,5
300633.SZ,开立医疗,5
300634.SZ,彩讯股份,5
300635.SZ,中达安,7
300637.SZ,扬帆新材,7
300638.SZ,广和通,7
300639.SZ,凯普生物,4
300640.SZ,德艺文创,7
300642.SZ,透景生命,5
300643.SZ,万通智控,7
300644.SZ,南京聚隆,5
300647.SZ,超频三,2
300648.SZ,星云股份,5
300649.SZ,杭州园林,7
300650.SZ,太龙股份,7
300653.SZ,正海生物,5
300654.SZ,世纪天鸿,5
300656.SZ,民德电子,7
300658.SZ,延江股份,5
300659.SZ,中孚信息,5
300660.SZ,江苏雷利,7
300661.SZ,圣邦股份,5
300662.SZ,科锐国际,6
300667.SZ,必创科技,5
300668.SZ,杰恩设计,7
300669.SZ,沪宁股份,7
300670.SZ,大烨智能,2
300671.SZ,富满微,5
300672.SZ,国科微,7
300674.SZ,宇信科技,5
300675.SZ,建科院,5
300678.SZ,中科信息,5
300679.SZ,电连技术,7
300680.SZ,隆盛科技,5
300681.SZ,英搏尔,5
300683.SZ,海特生物,7
300684.SZ,中石科技,7
300685.SZ,艾德生物,5
300686.SZ,智动力,2
300688.SZ,创业黑马,5
300689.SZ,澄天伟业,7
300690.SZ,双一科技,5
300691.SZ,联合光电,7
300693.SZ,盛弘股份,5
300694.SZ,蠡湖股份,5
300695.SZ,兆丰股份,5
300696.SZ,爱乐达,7
300697.SZ,电工合金,5
300698.SZ,万马科技,7
300699.SZ,光威复材,5
300701.SZ,森霸传感,5
300702.SZ,天宇股份,7
300703.SZ,创源股份,5
300706.SZ,阿石创,7
300708.SZ,聚灿光电,5
300710.SZ,万隆光电,7
300711.SZ,广哈通信,5
300712.SZ,永福股份,7
300713.SZ,英可瑞,2
300715.SZ,凯伦股份,2
300716.SZ,泉为科技,5
300717.SZ,华信新材,5
300718.SZ,长盛轴承,7
300719.SZ,安达维尔,5
300720.SZ,海川智能,5
300721.SZ,怡达股份,5
300722.SZ,新余国科,7
300724.SZ,捷佳伟创,7
300726.SZ,宏达电子,5
300730.SZ,科创信息,5
300731.SZ,科创新源,2
300733.SZ,西菱动力,7
300735.SZ,光弘科技,7
300736.SZ,百邦科技,2
300741.SZ,华宝股份,5
300742.SZ,越博动力,2
300745.SZ,欣锐科技,7
300746.SZ,汉嘉设计,7
300747.SZ,锐科激光,7
300749.SZ,顶固集创,2
300751.SZ,迈为股份,7
300753.SZ,爱朋医疗,2
300755.SZ,华致酒行,6
300756.SZ,金马游乐,2
300757.SZ,罗博特科,5
300758.SZ,七彩化学,7
300759.SZ,康龙化成,5
300760.SZ,迈瑞医疗,7
300761.SZ,立华股份,6
300762.SZ,上海瀚讯,7
300765.SZ,新诺威,6
300766.SZ,每日互动,7
300768.SZ,迪普科技,7
300769.SZ,德方纳米,6
300770.SZ,新媒股份,4
300771.SZ,智莱科技,7
300773.SZ,拉卡拉,7
300774.SZ,倍杰特,5
300777.SZ,中简科技,7
300780.SZ,德恩精工,6
300781.SZ,因赛集团,5
300782.SZ,卓胜微,7
300783.SZ,三只松鼠,7
300785.SZ,值得买,5
300786.SZ,国林科技,7
300788.SZ,中信出版,5
300789.SZ,唐源电气,7
300790.SZ,宇瞳光学,5
300792.SZ,壹网壹创,7
300793.SZ,佳禾智能,7
300795.SZ,米奥会展,5
300796.SZ,贝斯美,5
300797.SZ,钢研纳克,5
300799.SZ,左江科技,2
300800.SZ,力合科技,7
300801.SZ,泰和科技,6
300802.SZ,矩子科技,7
300803.SZ,指南针,7
300805.SZ,电声股份,2
300806.SZ,斯迪克,7
300807.SZ,天迈科技,5
300808.SZ,久量股份,2
300809.SZ,华辰装备,5
300810.SZ,中科海讯,7
300812.SZ,易天股份,7
300814.SZ,中富电路,7
300815.SZ,玉禾田,7
300816.SZ,艾可蓝,7
300817.SZ,双飞股份,5
300819.SZ,聚杰微纤,7
300820.SZ,英杰电气,5
300821.SZ,东岳硅材,6
300822.SZ,贝仕达克,5
300823.SZ,建科机械,7
300824.SZ,北鼎股份,5
300825.SZ,阿尔特,7
300828.SZ,锐新科技,5
300829.SZ,金丹科技,5
300830.SZ,金现代,5
300831.SZ,派瑞股份,5
300832.SZ,新产业,5
300833.SZ,浩洋股份,5
300834.SZ,星辉环材,5
300835.SZ,龙磁科技,5
300836.SZ,佰奥智能,2
300838.SZ,浙江力诺,7
300840.SZ,酷特智能,7
300841.SZ,康华生物,4
300842.SZ,帝科股份,7
300844.SZ,山水比德,2
300845.SZ,捷安高科,5
300846.SZ,首都在线,5
300847.SZ,中船汉光,5
300848.SZ,美瑞新材,7
300849.SZ,锦盛新材,2
300851.SZ,交大思诺,7
300852.SZ,四会富仕,6
300854.SZ,中兰环保,5
300855.SZ,图南股份,5
300857.SZ,协创数据,6
300858.SZ,科拓生物,5
300859.SZ,西域旅游,2
300860.SZ,锋尚文化,7
300861.SZ,美畅股份,4
300862.SZ,蓝盾光电,5
300864.SZ,南大环境,7
300865.SZ,大宏立,5
300866.SZ,安克创新,5
300867.SZ,圣元环保,5
300868.SZ,杰美特,2
300870.SZ,欧陆通,5
300873.SZ,海晨股份,6
300875.SZ,捷强装备,2
300877.SZ,金春股份,2
300878.SZ,维康药业,7
300879.SZ,大叶股份,7
300880.SZ,迦南智能,7
300882.SZ,万胜智能,7
300883.SZ,龙利得,5
300884.SZ,狄耐克,5
300885.SZ,海昌新材,5
300886.SZ,华业香料,5
300887.SZ,谱尼测试,5
300888.SZ,稳健医疗,7
300889.SZ,爱克股份,7
300890.SZ,翔丰华,6
300892.SZ,品渥食品,5
300893.SZ,松原股份,5
300895.SZ,铜牛信息,7
300896.SZ,爱美客,5
300897.SZ,山科智能,5
300898.SZ,熊猫乳品,5
300899.SZ,上海凯鑫,7
300901.SZ,中胤时尚,5
300902.SZ,国安达,7
300903.SZ,科翔股份,7
300905.SZ,宝丽迪,5
300906.SZ,日月明,7
300907.SZ,康平科技,5
300908.SZ,仲景食品,5
300909.SZ,汇创达,7
300910.SZ,瑞丰新材,5
300911.SZ,亿田智能,5
300912.SZ,凯龙高科,2
300913.SZ,兆龙互连,7
300915.SZ,海融科技,7
300916.SZ,朗特智能,5
300917.SZ,特发服务,7
300919.SZ,中伟股份,7
300920.SZ,润阳科技,7
300921.SZ,南凌科技,5
300922.SZ,天秦装备,5
300923.SZ,研奥股份,7
300926.SZ,博俊科技,6
300927.SZ,江天化学,5
300928.SZ,华安鑫创,7
300929.SZ,华骐环保,5
300930.SZ,屹通新材,5
300931.SZ,通用电梯,7
300932.SZ,三友联众,7
300935.SZ,盈建科,5
300936.SZ,中英科技,5
300937.SZ,药易购,5
300938.SZ,信测标准,5
300939.SZ,秋田微,5
300940.SZ,南极光,5
300941.SZ,创识科技,7
300942.SZ,易瑞生物,7
300943.SZ,春晖智控,7
300945.SZ,曼卡龙,5
300946.SZ,恒而达,7
300947.SZ,德必集团,7
300948.SZ,冠中生态,7
300949.SZ,奥雅股份,2
300950.SZ,德固特,7
300951.SZ,博硕科技,5
300952.SZ,恒辉安防,5
300953.SZ,震裕科技,5
300955.SZ,嘉亨家化,7
300957.SZ,贝泰妮,5
300958.SZ,建工修复,5
300959.SZ,线上线下,7
300960.SZ,通业科技,7
300961.SZ,深水海纳,7
300962.SZ,中金辐照,5
300963.SZ,中洲特材,7
300964.SZ,本川智能,7
300965.SZ,恒宇信通,7
300968.SZ,格林精密,5
300969.SZ,恒帅股份,5
300970.SZ,华绿生物,7
300971.SZ,博亚精工,7
300972.SZ,万辰生物,5
300976.SZ,达瑞电子,7
300977.SZ,深圳瑞捷,7
300978.SZ,东箭科技,5
300979.SZ,华利集团,5
300980.SZ,祥源新材,7
300981.SZ,中红医疗,7
300982.SZ,苏文电能,5
300983.SZ,尤安设计,7
300985.SZ,致远新能,2
300987.SZ,川网传媒,7
300989.SZ,蕾奥规划,7
300990.SZ,同飞股份,7
300991.SZ,创益通,5
300993.SZ,玉马遮阳,5
300994.SZ,久祺股份,7
300995.SZ,奇德新材,7
300996.SZ,普联软件,5
300997.SZ,欢乐家,5
300998.SZ,宁波方正,7
301000.SZ,肇民科技,5
301001.SZ,凯淳股份,2
301003.SZ,江苏博云,6
301004.SZ,嘉益股份,7
301005.SZ,超捷股份,5
301006.SZ,迈拓股份,7
301007.SZ,德迈仕,5
301008.SZ,宏昌科技,5
301009.SZ,可靠股份,2
301010.SZ,晶雪节能,7
301011.SZ,华立科技,7
301012.SZ,扬电科技,7
301013.SZ,利和兴,7
301016.SZ,雷尔伟,5
301018.SZ,申菱环境,7
301019.SZ,宁波色母,5
301020.SZ,密封科技,5
301021.SZ,英诺激光,7
301022.SZ,海泰科,7
301023.SZ,江南奕帆,7
301024.SZ,霍普股份,2
301025.SZ,读客文化,5
301026.SZ,浩通科技,7
301027.SZ,华蓝集团,7
301028.SZ,东亚机械,7
301029.SZ,怡合达,5
301030.SZ,仕净科技,7
301031.SZ,中熔电气,7
301032.SZ,新柴股份,7
301033.SZ,迈普医学,7
301035.SZ,润丰股份,6
301036.SZ,双乐股份,7
301037.SZ,保立佳,7
301038.SZ,深水规院,5
301039.SZ,中集车辆,6
301042.SZ,安联锐视,5
301043.SZ,绿岛风,7
301045.SZ,天禄科技,5
301047.SZ,义翘神州,5
301048.SZ,金鹰重工,6
301049.SZ,超越科技,5
301050.SZ,雷电微力,7
301051.SZ,信濠光电,2
301052.SZ,果麦文化,5
301053.SZ,远信工业,7
301055.SZ,张小泉,5
301056.SZ,森赫股份,7
301057.SZ,汇隆新材,5
301058.SZ,中粮科工,7
301059.SZ,金三江,5
301060.SZ,兰卫医学,7
301061.SZ,匠心家居,6
301062.SZ,上海艾录,7
301063.SZ,海锅股份,6
301065.SZ,本立科技,7
301066.SZ,万事利,7
301067.SZ,显盈科技,5
301068.SZ,大地海洋,5
301069.SZ,凯盛新材,7
301070.SZ,开勒股份,7
301071.SZ,力量钻石,5
301072.SZ,中捷精工,7
301073.SZ,君亭酒店,7
301075.SZ,多瑞医药,7
301076.SZ,新瀚新材,5
301077.SZ,星华新材,5
301078.SZ,孩子王,7
301079.SZ,邵阳液压,5
301080.SZ,百普赛斯,7
301081.SZ,严牌股份,7
301082.SZ,久盛电气,5
301083.SZ,百胜智能,5
301086.SZ,鸿富瀚,5
301087.SZ,可孚医疗,7
301088.SZ,戎美股份,7
301089.SZ,拓新药业,7
301090.SZ,华润材料,7
301091.SZ,深城交,5
301092.SZ,争光股份,5
301093.SZ,华兰股份,7
301095.SZ,广立微,5
301096.SZ,百诚医药,5
301097.SZ,天益医疗,5
301098.SZ,金埔园林,7
301099.SZ,雅创电子,5
301100.SZ,风光股份,5
301101.SZ,明月镜片,5
301102.SZ,兆讯传媒,7
301103.SZ,何氏眼科,7
301105.SZ,鸿铭股份,5
301106.SZ,骏成科技,5
301107.SZ,瑜欣电子,7
301108.SZ,洁雅股份,5
301109.SZ,军信股份,7
301110.SZ,青木股份,5
301111.SZ,粤万年青,7
301112.SZ,信邦智能,7
301113.SZ,雅艺科技,5
301117.SZ,佳缘科技,5
301118.SZ,恒光股份,6
301119.SZ,正强股份,5
301120.SZ,新特电气,5
301121.SZ,紫建电子,5
301122.SZ,采纳股份,5
301123.SZ,奕东电子,7
301125.SZ,腾亚精工,7
301126.SZ,达嘉维康,5
301127.SZ,天源环保,5
301128.SZ,强瑞技术,5
301129.SZ,瑞纳智能,5
301130.SZ,西点药业,5
301131.SZ,聚赛龙,5
301132.SZ,满坤科技,7
301133.SZ,金钟股份,5
301135.SZ,瑞德智能,7
301136.SZ,招标股份,7
301137.SZ,哈焊华通,7
301138.SZ,华研精机,5
301139.SZ,元道通信,7
301141.SZ,中科磁业,6
301148.SZ,嘉戎技术,7
301149.SZ,隆华新材,5
301150.SZ,中一科技,7
301151.SZ,冠龙节能,5
301152.SZ,天力锂能,5
301153.SZ,中科江南,4
301155.SZ,海力风电,7
301156.SZ,美农生物,7
301157.SZ,华塑科技,6
301158.SZ,德石股份,5
301159.SZ,三维天地,2
301160.SZ,翔楼新材,5
301161.SZ,唯万密封,7
301162.SZ,国能日新,5
301163.SZ,宏德股份,7
301165.SZ,锐捷网络,5
301166.SZ,优宁维,7
301167.SZ,建研设计,5
301168.SZ,通灵股份,7
301169.SZ,零点有数,7
301171.SZ,易点天下,7
301175.SZ,中科环保,5
301176.SZ,逸豪新材,7
301177.SZ,迪阿股份,7
301178.SZ,天亿马,5
301179.SZ,泽宇智能,5
301180.SZ,万祥科技,7
301181.SZ,标榜股份,5
301182.SZ,凯旺科技,5
301183.SZ,东田微,7
301185.SZ,鸥玛软件,7
301187.SZ,欧圣电气,5
301188.SZ,力诺特玻,7
301189.SZ,奥尼电子,7
301190.SZ,善水科技,7
301191.SZ,菲菱科思,7
301192.SZ,泰祥股份,5
301193.SZ,家联科技,6
301195.SZ,北路智控,4
301196.SZ,唯科科技,7
301197.SZ,工大科雅,7
301198.SZ,喜悦智行,5
301199.SZ,迈赫股份,7
301200.SZ,大族数控,5
301201.SZ,诚达药业,7
301203.SZ,国泰环保,4
301205.SZ,联特科技,7
301206.SZ,三元生物,7
301207.SZ,华兰疫苗,5
301208.SZ,中亦科技,7
301209.SZ,联合化学,7
301211.SZ,亨迪药业,7
301212.SZ,联盛化学,5
301213.SZ,观想科技,7
301215.SZ,中汽股份,5
301216.SZ,万凯新材,6
301217.SZ,铜冠铜箔,5
301218.SZ,华是科技,7
301219.SZ,腾远钴业,7
301220.SZ,亚香股份,7
301221.SZ,光庭信息,5
301222.SZ,浙江恒威,5
301223.SZ,中荣股份,7
301226.SZ,祥明智能,5
301227.SZ,森鹰窗业,7
301228.SZ,实朴检测,2
301229.SZ,纽泰格,5
301230.SZ,泓博医药,5
301231.SZ,荣信文化,7
301233.SZ,盛帮股份,7
301234.SZ,五洲医疗,7
301235.SZ,华康医疗,7
301236.SZ,软通动力,7
301237.SZ,和顺科技,5
301238.SZ,瑞泰新材,7
301239.SZ,普瑞眼科,7
301246.SZ,宏源药业,6
301248.SZ,杰创智能,7
301255.SZ,通力科技,7
301256.SZ,华融化学,5
301257.SZ,普蕊斯,7
301258.SZ,富士莱,5
301259.SZ,艾布鲁,7
301260.SZ,格力博,7
301263.SZ,泰恩康,7
301265.SZ,华新环保,5
301266.SZ,宇邦新材,7
301267.SZ,华厦眼科,7
301268.SZ,铭利达,5
301269.SZ,华大九天,7
301270.SZ,汉仪股份,5
301273.SZ,瑞晨环保,7
301276.SZ,嘉曼服饰,7
301277.SZ,新天地,5
301278.SZ,快可电子,7
301279.SZ,金道科技,7
301280.SZ,珠城科技,5
301281.SZ,科源制药,5
301282.SZ,金禄电子,5
301283.SZ,聚胶股份,7
301285.SZ,鸿日达,5
301286.SZ,侨源股份,7
301288.SZ,清研环境,5
301289.SZ,国缆检测,7
301290.SZ,东星医疗,7
301296.SZ,新巨丰,5
301297.SZ,富乐德,7
301298.SZ,东利机械,5
301299.SZ,卓创资讯,5
301300.SZ,远翔新材,5
301301.SZ,川宁生物,5
301302.SZ,华如科技,7
301303.SZ,真兰仪表,7
301306.SZ,西测测试,7
301308.SZ,江波龙,5
301309.SZ,万得凯,7
301311.SZ,昆船智能,7
301312.SZ,智立方,5
301313.SZ,凡拓数创,5
301314.SZ,科瑞思,5
301316.SZ,慧博云通,5
301317.SZ,鑫磊股份,5
301318.SZ,维海德,7
301319.SZ,唯特偶,5
301321.SZ,翰博高新,7
301322.SZ,绿通科技,5
301326.SZ,捷邦科技,5
301327.SZ,华宝新能,5
301328.SZ,维峰电子,5
301330.SZ,熵基科技,7
301331.SZ,恩威医药,5
301333.SZ,诺思格,7
301335.SZ,天元宠物,5
301336.SZ,趣睡科技,7
301338.SZ,凯格精机,7
301339.SZ,通行宝,7
301345.SZ,涛涛车业,6
301349.SZ,信德新材,5
301356.SZ,天振股份,7
301357.SZ,C北方长,6
301358.SZ,湖南裕能,7
301359.SZ,东南电子,7
301361.SZ,众智科技,5
301363.SZ,美好医疗,5
301365.SZ,矩阵股份,7
301366.SZ,一博科技,7
301367.SZ,怡和嘉业,5
301368.SZ,丰立智能,7
301369.SZ,联动科技,5
301373.SZ,凌玮科技,5
301377.SZ,鼎泰高科,5
301378.SZ,通达海,6
301379.SZ,天山电子,7
301380.SZ,挖金客,5
301386.SZ,未来电器,5
301387.SZ,C光大同,6
301388.SZ,欣灵电气,7
301389.SZ,隆扬电子,5
301391.SZ,卡莱特,5
301396.SZ,宏景科技,7
301398.SZ,星源卓镁,7
301408.SZ,华人健康,5
301419.SZ,阿莱德,7
301429.SZ,C森泰,6
301439.SZ,泓淋电力,6
430047.BJ,诺思兰德,2
430090.BJ,同辉信息,7
430139.BJ,华岭股份,5
430198.BJ,微创光电,2
430300.BJ,辰光医疗,5
430425.BJ,乐创技术,7
430476.BJ,海能技术,5
430478.BJ,峆一药业,5
430489.BJ,佳先股份,7
430510.BJ,丰光精密,6
430556.BJ,雅达股份,5
430564.BJ,天润科技,7
430685.BJ,新芝生物,7
430718.BJ,合肥高科,6
600032.SH,浙江新能,7
600038.SH,中直股份,7
600051.SH,宁波联合,6
600052.SH,东望时代,2
600053.SH,九鼎投资,4
600055.SH,万东医疗,5
600059.SH,古越龙山,5
600060.SH,海信视像,7
600062.SH,华润双鹤,6
600071.SH,凤凰光学,1
600072.SH,中船科技,5
600073.SH,上海梅林,6
600078.SH,ST澄星,7
600080.SH,金花股份,2
600083.SH,博信股份,7
600088.SH,中视传媒,1
600097.SH,开创国际,6
600099.SH,林海股份,6
600101.SH,明星电力,6
600103.SH,青山纸业,7
600107.SH,美尔雅,2
600113.SH,浙江东日,6
600114.SH,东睦股份,7
600118.SH,中国卫星,6
600119.SH,长江投资,2
600127.SH,金健米业,1
600128.SH,弘业股份,7
600131.SH,国网信通,7
600132.SH,重庆啤酒,7
600135.SH,乐凯胶片,7
600137.SH,浪莎股份,7
600148.SH,长春一东,7
600149.SH,廊坊发展,6
600150.SH,中国船舶,7
600151.SH,航天机电,6
600152.SH,维科技术,1
600156.SH,华升股份,1
600158.SH,中体产业,7
600159.SH,大龙地产,5
600160.SH,巨化股份,7
600161.SH,天坛生物,7
600163.SH,中闽能源,7
600165.SH,宁科生物,7
600167.SH,联美控股,7
600171.SH,上海贝岭,6
600178.SH,东安动力,5
600182.SH,S*ST佳通,7
600184.SH,光电股份,6
600186.SH,莲花健康,6
600191.SH,华资实业,1
600192.SH,长城电工,1
600193.SH,创兴资源,6
600199.SH,金种子酒,2
600201.SH,生物股份,5
600202.SH,哈空调,6
600206.SH,有研新材,7
600207.SH,安彩高科,6
600211.SH,西藏药业,4
600212.SH,绿能慧充,2
600213.SH,亚星客车,7
600215.SH,派斯林,7
600216.SH,浙江医药,7
600217.SH,中再资环,7
600218.SH,全柴动力,6
600225.SH,卓朗科技,7
600227.SH,圣济堂,2
600228.SH,返利科技,7
600229.SH,城市传媒,7
600230.SH,沧州大化,7
600232.SH,金鹰股份,6
600234.SH,科新发展,7
600235.SH,民丰特纸,6
600237.SH,铜峰电子,5
600238.SH,海南椰岛,2
600241.SH,ST时万,5
600242.SH,*ST中昌,2
600243.SH,青海华鼎,1
600251.SH,冠农股份,6
600252.SH,中恒集团,5
600255.SH,鑫科材料,6
600257.SH,大湖股份,2
600261.SH,阳光照明,6
600262.SH,北方股份,7
600265.SH,ST景谷,2
600272.SH,开开实业,6
600276.SH,恒瑞医药,4
600280.SH,中央商场,7
600281.SH,华阳新材,2
600285.SH,羚锐制药,7
600287.SH,江苏舜天,2
600289.SH,ST信通,2
600293.SH,三峡新材,2
600299.SH,安迪苏,6
600301.SH,南化股份,6
600302.SH,标准股份,1
600305.SH,恒顺醋业,5
600306.SH,*ST商城,1
600308.SH,华泰股份,6
600313.SH,农发种业,6
600315.SH,上海家化,7
600318.SH,新力金融,5
600319.SH,亚星化学,7
600327.SH,大东方,7
600328.SH,中盐化工,7
600329.SH,达仁堂,6
600330.SH,天通股份,6
600331.SH,宏达股份,7
600332.SH,白云山,7
600337.SH,美克家居,2
600338.SH,西藏珠峰,7
600343.SH,航天动力,2
600345.SH,长江通信,4
600351.SH,亚宝药业,7
600353.SH,旭光电子,5
600355.SH,精伦电子,2
600356.SH,恒丰纸业,6
600358.SH,国旅联合,5
600365.SH,ST通葡,2
600366.SH,宁波韵升,6
600367.SH,红星发展,6
600371.SH,万向德农,7
600375.SH,汉马科技,1
600378.SH,昊华科技,6
600379.SH,宝光股份,6
600381.SH,青海春天,2
600382.SH,ST广珠,7
600387.SH,海越能源,7
600391.SH,航发科技,6
600395.SH,盘江股份,7
600399.SH,抚顺特钢,6
600403.SH,大有能源,7
600408.SH,安泰集团,1
600419.SH,天润乳业,5
600421.SH,华嵘控股,5
600426.SH,华鲁恒升,7
600429.SH,三元股份,7
600433.SH,冠豪高新,6
600435.SH,北方导航,6
600444.SH,国机通用,6
600452.SH,涪陵电力,6
600455.SH,博通股份,7
600459.SH,贵研铂业,7
600462.SH,ST九有,2
600468.SH,百利电气,7
600469.SH,风神股份,2
600470.SH,六国化工,7
600476.SH,湘邮科技,2
600478.SH,科力远,1
600479.SH,千金药业,6
600486.SH,扬农化工,6
600488.SH,津药药业,5
600490.SH,鹏欣资源,2
600495.SH,晋西车轴,5
600503.SH,华丽家族,5
600505.SH,西昌电力,7
600506.SH,统一股份,1
600507.SH,方大特钢,7
600511.SH,国药股份,7
600513.SH,联环药业,6
600517.SH,国网英大,7
600520.SH,文一科技,7
600527.SH,江南高纤,5
600529.SH,山东药玻,7
600530.SH,交大昂立,5
600531.SH,豫光金铅,7
600532.SH,*ST未来,2
600536.SH,中国软件,7
600537.SH,亿晶光电,2
600538.SH,国发股份,5
600539.SH,狮头股份,5
600540.SH,新赛股份,2
600543.SH,莫高股份,2
600551.SH,时代出版,7
600556.SH,天下秀,7
600559.SH,老白干酒,7
600560.SH,金自天正,5
600562.SH,国睿科技,7
600563.SH,法拉电子,4
600568.SH,ST中珠,5
600570.SH,恒生电子,6
600571.SH,信雅达,5
600573.SH,惠泉啤酒,5
600576.SH,祥源文旅,5
600579.SH,克劳斯,2
600593.SH,大连圣亚,2
600597.SH,光明乳业,7
600599.SH,ST熊猫,7
600601.SH,*ST方科,2
600602.SH,云赛智联,5
600603.SH,广汇物流,5
600605.SH,汇通能源,5
600608.SH,ST沪科,7
600610.SH,中毅达,7
600612.SH,老凤祥,7
600613.SH,神奇制药,4
600615.SH,丰华股份,2
600616.SH,金枫酒业,5
600617.SH,国新能源,7
600618.SH,氯碱化工,7
600620.SH,天宸股份,5
600621.SH,华鑫股份,6
600624.SH,复旦复华,2
600626.SH,申达股份,2
600633.SH,浙数文化,6
600636.SH,国新文化,2
600640.SH,国脉文化,2
600647.SH,同达创业,7
600650.SH,锦江在线,7
600661.SH,昂立教育,2
600666.SH,*ST瑞德,2
600671.SH,ST目药,2
600678.SH,四川金顶,7
600679.SH,上海凤凰,7
600681.SH,百川能源,7
600685.SH,中船防务,5
600689.SH,上海三毛,7
600691.SH,阳煤化工,6
600692.SH,亚通股份,5
600694.SH,大商股份,7
600696.SH,岩石股份,5
600698.SH,湖南天雁,5
600703.SH,三安光电,7
600706.SH,曲江文旅,2
600710.SH,苏美达,7
600712.SH,南宁百货,5
600719.SH,大连热电,1
600721.SH,百花医药,5
600722.SH,金牛化工,5
600727.SH,鲁北化工,5
600729.SH,重庆百货,7
600732.SH,爱旭股份,7
600733.SH,北汽蓝谷,2
600735.SH,新华锦,7
600738.SH,丽尚国潮,7
600740.SH,山西焦化,7
600742.SH,一汽富维,7
600746.SH,江苏索普,6
600749.SH,西藏旅游,1
600753.SH,庚星股份,2
600754.SH,锦江酒店,6
600756.SH,浪潮软件,5
600757.SH,长江传媒,6
600758.SH,辽宁能源,7
600760.SH,中航沈飞,4
600763.SH,通策医疗,7
600764.SH,中国海防,7
600766.SH,园城黄金,7
600767.SH,*ST运盛,7
600768.SH,宁波富邦,7
600769.SH,祥龙电业,5
600771.SH,广誉远,5
600774.SH,汉商集团,7
600775.SH,南京熊猫,5
600776.SH,东方通信,7
600777.SH,新潮能源,7
600779.SH,水井坊,7
600780.SH,通宝能源,7
600781.SH,*ST辅仁,1
600785.SH,新华百货,7
600789.SH,鲁抗医药,5
600793.SH,宜宾纸业,7
600800.SH,渤海化学,1
600802.SH,福建水泥,2
600805.SH,悦达投资,1
600807.SH,济南高新,2
600809.SH,山西汾酒,7
600814.SH,杭州解百,5
600817.SH,宇通重工,6
600818.SH,中路股份,6
600822.SH,上海物贸,7
600824.SH,益民集团,2
600826.SH,兰生股份,7
600829.SH,人民同泰,7
600830.SH,香溢融通,5
600833.SH,第一医药,6
600836.SH,上海易连,6
600838.SH,上海九百,5
600841.SH,动力新科,1
600843.SH,上工申贝,7
600844.SH,丹化科技,1
600846.SH,同济科技,6
600847.SH,万里股份,2
600850.SH,电科数字,7
600853.SH,龙建股份,7
600854.SH,春兰股份,7
600855.SH,航天长峰,6
600857.SH,宁波中百,6
600858.SH,银座股份,7
600860.SH,京城股份,5
600862.SH,中航高科,5
600864.SH,哈投股份,2
600865.SH,百大集团,5
600867.SH,通化东宝,6
600868.SH,梅雁吉祥,7
600876.SH,凯盛新能,7
600877.SH,电科芯片,6
600880.SH,博瑞传播,7
600882.SH,妙可蓝多,5
600883.SH,博闻科技,5
600889.SH,南京化纤,1
600892.SH,大晟文化,5
600893.SH,航发动力,5
600897.SH,厦门空港,7
600898.SH,国美通讯,2
600916.SH,中国黄金,5
600925.SH,苏能股份,5
600935.SH,华塑股份,7
600936.SH,广西广电,2
600955.SH,维远股份,6
600961.SH,株冶集团,7
600965.SH,福成股份,5
600967.SH,内蒙一机,7
600968.SH,海油发展,6
600969.SH,郴电国际,6
600971.SH,恒源煤电,7
600975.SH,新五丰,2
600976.SH,健民集团,6
600980.SH,北矿科技,6
600983.SH,惠而浦,2
600986.SH,浙文互联,7
600990.SH,四创电子,6
600992.SH,贵绳股份,6
600993.SH,马应龙,6
600995.SH,南网储能,6
601010.SH,文峰股份,2
601015.SH,陕西黑猫,6
601019.SH,山东出版,6
601022.SH,宁波远洋,5
601028.SH,玉龙股份,7
601061.SH,中信金属,7
601065.SH,江盐集团,5
601069.SH,西部黄金,5
601086.SH,国芳集团,5
601089.SH,福元医药,5
601098.SH,中南传媒,7
601100.SH,恒立液压,5
601113.SH,华鼎股份,2
601116.SH,三江购物,5
601121.SH,宝地矿业,5
601133.SH,柏诚股份,6
601138.SH,工业富联,6
601156.SH,东航物流,6
601188.SH,龙江交通,7
601212.SH,白银有色,2
601218.SH,吉鑫科技,6
601226.SH,华电重工,6
601279.SH,英利汽车,5
601326.SH,秦港股份,5
601360.SH,三六零,5
601369.SH,陕鼓动力,7
601388.SH,怡球资源,7
601500.SH,通用股份,7
601519.SH,大智慧,5
601567.SH,三星医疗,7
601568.SH,北元集团,6
601579.SH,会稽山,5
601595.SH,上海电影,2
601601.SH,中国太保,7
601606.SH,长城军工,5
601616.SH,广电电气,7
601698.SH,中国卫通,7
601702.SH,华峰铝业,7
601717.SH,郑煤机,7
601798.SH,蓝科高新,1
601811.SH,新华文轩,6
601816.SH,京沪高铁,7
601858.SH,中国科传,7
601872.SH,招商轮船,7
601882.SH,海天精工,5
601888.SH,中国中免,6
601890.SH,亚星锚链,7
601900.SH,南方传媒,7
601921.SH,浙版传媒,6
601928.SH,凤凰传媒,6
601949.SH,中国出版,7
601952.SH,苏垦农发,6
601956.SH,东贝集团,5
601958.SH,金钼股份,7
601965.SH,中国汽研,6
601975.SH,招商南油,6
601996.SH,丰林集团,6
601999.SH,出版传媒,7
603000.SH,人民网,5
603001.SH,奥康国际,2
603002.SH,宏昌电子,6
603003.SH,龙宇股份,2
603005.SH,晶方科技,7
603006.SH,联明股份,7
603010.SH,万盛股份,6
603011.SH,合锻智能,7
603012.SH,创力集团,7
603013.SH,亚普股份,6
603015.SH,弘讯科技,7
603016.SH,新宏泰,5
603017.SH,中衡设计,2
603018.SH,华设集团,7
603020.SH,爱普股份,7
603021.SH,山东华鹏,1
603022.SH,新通联,7
603025.SH,大豪科技,5
603028.SH,赛福天,5
603029.SH,天鹅股份,5
603031.SH,安孚科技,7
603032.SH,德新科技,5
603033.SH,三维股份,7
603036.SH,如通股份,5
603037.SH,凯众股份,7
603038.SH,华立股份,2
603040.SH,新坐标,7
603041.SH,美思德,7
603042.SH,华脉科技,5
603043.SH,广州酒家,6
603045.SH,福达合金,7
603048.SH,浙江黎明,7
603050.SH,科林电气,6
603052.SH,可川科技,5
603053.SH,成都燃气,6
603057.SH,紫燕食品,5
603059.SH,倍加洁,5
603060.SH,国检集团,7
603061.SH,金海通,4
603063.SH,禾望电气,5
603065.SH,宿迁联盛,6
603066.SH,音飞储存,5
603067.SH,振华股份,6
603068.SH,博通集成,2
603069.SH,海汽集团,5
603070.SH,万控智造,5
603071.SH,物产环能,7
603073.SH,彩蝶实业,6
603076.SH,乐惠国际,7
603078.SH,江化微,5
603080.SH,新疆火炬,7
603083.SH,剑桥科技,6
603085.SH,天成自控,7
603086.SH,先达股份,7
603087.SH,甘李药业,5
603088.SH,宁波精达,7
603090.SH,宏盛股份,5
603095.SH,越剑智能,4
603096.SH,新经典,7
603097.SH,江苏华辰,5
603099.SH,长白山,1
603100.SH,川仪股份,7
603101.SH,汇嘉时代,7
603102.SH,百合股份,5
603103.SH,横店影视,1
603105.SH,芯能科技,5
603106.SH,恒银科技,2
603109.SH,神驰机电,6
603110.SH,东方材料,7
603111.SH,康尼机电,7
603115.SH,海星股份,6
603116.SH,红蜻蜓,7
603117.SH,ST万林,2
603118.SH,共进股份,6
603121.SH,华培动力,7
603122.SH,合富中国,5
603125.SH,常青科技,5
603126.SH,中材节能,6
603127.SH,昭衍新药,5
603128.SH,华贸物流,6
603129.SH,春风动力,6
603130.SH,云中马,6
603132.SH,金徽股份,5
603133.SH,碳元科技,2
603135.SH,中重科技,6
603137.SH,C恒尚,7
603138.SH,海量数据,5
603139.SH,康惠制药,7
603150.SH,万朗磁塑,6
603151.SH,邦基科技,5
603153.SH,上海建科,6
603155.SH,新亚强,7
603156.SH,养元饮品,5
603158.SH,腾龙股份,5
603159.SH,上海亚虹,5
603160.SH,汇顶科技,7
603161.SH,科华控股,2
603162.SH,海通发展,5
603163.SH,圣晖集成,6
603166.SH,福达股份,5
603167.SH,渤海轮渡,6
603168.SH,莎普爱思,7
603169.SH,兰石重装,5
603170.SH,宝立食品,5
603171.SH,税友股份,5
603173.SH,福斯达,7
603177.SH,德创环保,2
603178.SH,圣龙股份,7
603181.SH,皇马科技,5
603182.SH,嘉华股份,5
603183.SH,建研院,5
603188.SH,亚邦股份,2
603189.SH,网达软件,7
603190.SH,亚通精工,7
603191.SH,望变电气,6
603192.SH,汇得科技,5
603195.SH,公牛集团,7
603196.SH,日播时尚,7
603197.SH,保隆科技,7
603198.SH,迎驾贡酒,7
603199.SH,九华旅游,7
603200.SH,上海洗霸,5
603201.SH,常润股份,6
603203.SH,快克智能,7
603206.SH,嘉环科技,7
603209.SH,兴通股份,7
603211.SH,晋拓股份,5
603213.SH,镇洋发展,6
603214.SH,爱婴室,5
603215.SH,比依股份,7
603216.SH,梦天家居,7
603217.SH,元利科技,6
603219.SH,富佳股份,6
603220.SH,中贝通信,5
603221.SH,爱丽家居,2
603222.SH,济民医疗,5
603223.SH,恒通股份,5
603226.SH,菲林格尔,2
603227.SH,雪峰科技,7
603229.SH,奥翔药业,7
603230.SH,内蒙新华,6
603232.SH,格尔软件,7
603235.SH,天新药业,5
603236.SH,移远通信,7
603237.SH,五芳斋,7
603238.SH,诺邦股份,5
603239.SH,浙江仙通,5
603255.SH,鼎际得,5
603256.SH,宏和科技,7
603258.SH,电魂网络,5
603259.SH,药明康德,5
603261.SH,立航科技,7
603266.SH,天龙股份,7
603267.SH,鸿远电子,5
603268.SH,松发股份,2
603269.SH,海鸥股份,7
603272.SH,联翔股份,7
603277.SH,银都股份,7
603279.SH,景津装备,7
603280.SH,南方路机,6
603281.SH,江瀚新材,7
603282.SH,亚光股份,5
603283.SH,赛腾股份,6
603286.SH,日盈电子,2
603288.SH,海天味业,7
603289.SH,泰瑞机器,5
603290.SH,斯达半导,5
603291.SH,联合水务,5
603297.SH,永新光学,7
603300.SH,华铁应急,7
603303.SH,得邦照明,5
603306.SH,华懋科技,5
603307.SH,扬州金泉,5
603309.SH,维力医疗,5
603311.SH,金海高科,5
603315.SH,福鞍股份,7
603316.SH,诚邦股份,7
603317.SH,天味食品,5
603318.SH,水发燃气,5
603319.SH,湘油泵,6
603321.SH,梅轮电梯,7
603322.SH,超讯通信,2
603324.SH,盛剑环境,7
603326.SH,我乐家居,5
603327.SH,福蓉科技,7
603328.SH,依顿电子,6
603329.SH,上海雅仕,6
603330.SH,天洋新材,7
603332.SH,苏州龙杰,2
603335.SH,迪生力,5
603337.SH,杰克股份,6
603338.SH,浙江鼎力,7
603339.SH,四方科技,6
603351.SH,威尔药业,7
603353.SH,和顺石油,7
603356.SH,华菱精工,5
603357.SH,设计总院,6
603358.SH,华达科技,7
603359.SH,东珠生态,7
603360.SH,百傲化学,7
603365.SH,水星家纺,7
603366.SH,日出东方,7
603367.SH,辰欣药业,5
603369.SH,今世缘,7
603378.SH,亚士创能,2
603379.SH,三美股份,5
603380.SH,易德龙,7
603383.SH,顶点软件,5
603385.SH,惠达卫浴,5
603386.SH,骏亚科技,5
603387.SH,基蛋生物,7
603388.SH,元成股份,7
603389.SH,亚振家居,2
603390.SH,通达电气,2
603392.SH,万泰生物,4
603393.SH,新天然气,6
603396.SH,金辰股份,5
603398.SH,沐邦高科,2
603408.SH,建霖家居,7
603416.SH,信捷电气,7
603429.SH,集友股份,5
603439.SH,贵州三力,5
603444.SH,吉比特,4
603456.SH,九洲药业,7
603458.SH,勘设股份,6
603488.SH,展鹏科技,7
603489.SH,八方股份,5
603496.SH,恒为科技,5
603500.SH,祥和实业,7
603505.SH,金石资源,5
603506.SH,南都物业,7
603507.SH,振江股份,5
603508.SH,思维列控,5
603511.SH,爱慕股份,7
603515.SH,欧普照明,7
603519.SH,立霸股份,7
603520.SH,司太立,5
603527.SH,众源新材,7
603530.SH,神马电力,5
603533.SH,掌阅科技,5
603536.SH,惠发食品,5
603551.SH,奥普家居,5
603556.SH,海兴电力,6
603558.SH,健盛集团,6
603559.SH,中通国脉,2
603565.SH,中谷物流,6
603566.SH,普莱柯,7
603567.SH,珍宝岛,7
603577.SH,汇金通,5
603580.SH,艾艾精工,7
603583.SH,捷昌驱动,7
603586.SH,金麒麟,7
603587.SH,地素时尚,7
603589.SH,口子窖,7
603590.SH,康辰药业,7
603595.SH,东尼电子,5
603598.SH,引力传媒,2
603599.SH,广信股份,7
603600.SH,永艺股份,7
603607.SH,京华激光,7
603610.SH,麒盛科技,5
603611.SH,诺力股份,7
603613.SH,国联股份,7
603615.SH,茶花股份,5
603616.SH,韩建河山,2
603619.SH,中曼石油,6
603628.SH,清源股份,7
603629.SH,利通电子,7
603630.SH,拉芳家化,7
603633.SH,徕木股份,7
603637.SH,镇海股份,5
603639.SH,海利尔,7
603648.SH,畅联股份,7
603655.SH,朗博科技,7
603656.SH,泰禾智能,7
603657.SH,春光科技,6
603661.SH,恒林股份,7
603662.SH,柯力传感,7
603666.SH,亿嘉和,7
603676.SH,卫信康,7
603680.SH,今创集团,7
603682.SH,锦和商管,5
603683.SH,晶华新材,7
603686.SH,福龙马,6
603693.SH,江苏新能,7
603696.SH,安记食品,5
603697.SH,有友食品,5
603698.SH,航天工程,5
603699.SH,纽威股份,6
603700.SH,宁水集团,7
603701.SH,德宏股份,5
603703.SH,盛洋科技,5
603706.SH,东方环宇,7
603709.SH,中源家居,2
603711.SH,香飘飘,5
603712.SH,七一二,5
603718.SH,海利生物,7
603719.SH,良品铺子,5
603721.SH,中广天择,7
603722.SH,阿科力,4
603726.SH,朗迪集团,7
603727.SH,博迈科,5
603728.SH,鸣志电器,7
603729.SH,龙韵股份,2
603730.SH,岱美股份,7
603737.SH,三棵树,2
603739.SH,蔚蓝生物,7
603755.SH,日辰股份,7
603758.SH,秦安股份,5
603759.SH,海天股份,7
603766.SH,隆鑫通用,7
603768.SH,常青股份,7
603773.SH,沃格光电,2
603777.SH,来伊份,7
603778.SH,乾景园林,2
603779.SH,威龙股份,2
603787.SH,新日股份,6
603788.SH,宁波高发,5
603789.SH,星光农机,2
603790.SH,雅运股份,7
603798.SH,康普顿,7
603800.SH,道森股份,7
603801.SH,志邦家居,7
603803.SH,瑞斯康达,2
603808.SH,歌力思,7
603811.SH,诚意药业,7
603813.SH,原尚股份,5
603815.SH,交建股份,7
603818.SH,曲美家居,5
603819.SH,神力股份,7
603823.SH,百合花,6
603825.SH,华扬联众,7
603826.SH,坤彩科技,7
603828.SH,柯利达,2
603829.SH,洛凯股份,7
603836.SH,海程邦达,6
603838.SH,四通股份,2
603839.SH,安正时尚,2
603843.SH,正平股份,7
603848.SH,好太太,7
603855.SH,华荣股份,7
603856.SH,东宏股份,5
603858.SH,步长制药,7
603859.SH,能科科技,5
603860.SH,中公高科,5
603863.SH,松炀资源,2
603868.SH,飞科电器,7
603869.SH,新智认知,7
603878.SH,武进不锈,5
603879.SH,永悦科技,2
603880.SH,南卫股份,2
603881.SH,数据港,5
603882.SH,金域医学,7
603885.SH,吉祥航空,1
603886.SH,元祖股份,6
603888.SH,新华网,7
603889.SH,新澳股份,6
603893.SH,瑞芯微,5
603895.SH,天永智能,2
603899.SH,晨光股份,5
603900.SH,莱绅通灵,5
603903.SH,中持股份,5
603908.SH,牧高笛,7
603909.SH,建发合诚,5
603915.SH,国茂股份,7
603917.SH,合力科技,5
603918.SH,金桥信息,7
603919.SH,金徽酒,5
603922.SH,金鸿顺,7
603926.SH,铁流股份,7
603927.SH,中科软,5
603928.SH,兴业股份,7
603929.SH,亚翔集成,5
603931.SH,格林达,7
603933.SH,睿能科技,7
603936.SH,博敏电子,5
603937.SH,丽岛新材,5
603938.SH,三孚股份,6
603948.SH,建业股份,7
603949.SH,雪龙集团,5
603950.SH,长源东谷,5
603955.SH,大千生态,7
603958.SH,哈森股份,2
603959.SH,百利科技,7
603963.SH,大理药业,2
603967.SH,中创物流,6
603968.SH,醋化股份,6
603969.SH,银龙股份,7
603970.SH,中农立华,6
603980.SH,吉华集团,2
603983.SH,丸美股份,7
603985.SH,恒润股份,5
603986.SH,兆易创新,7
603987.SH,康德莱,6
603988.SH,中电电机,5
603990.SH,麦迪科技,7
603991.SH,至正股份,2
603997.SH,继峰股份,1
603998.SH,方盛制药,6
603999.SH,读者传媒,7
605001.SH,威奥股份,2
605003.SH,众望布艺,7
605005.SH,合兴股份,5
605008.SH,长鸿高科,7
605009.SH,豪悦护理,5
605011.SH,杭州热电,5
605016.SH,百龙创园,7
605018.SH,长华集团,7
605028.SH,世茂能源,4
605033.SH,美邦股份,6
605050.SH,福然德,6
605055.SH,迎丰股份,7
605056.SH,咸亨国际,5
605058.SH,澳弘电子,6
605060.SH,联德股份,5
605066.SH,天正电气,7
605069.SH,正和生态,2
605077.SH,华康股份,6
605080.SH,浙江自然,7
605081.SH,太和水,7
605086.SH,龙高股份,5
605089.SH,味知香,7
605090.SH,九丰能源,6
605098.SH,行动教育,6
605099.SH,共创草坪,4
605100.SH,华丰股份,5
605108.SH,同庆楼,7
605111.SH,新洁能,5
605116.SH,奥锐特,5
605117.SH,德业股份,5
605118.SH,力鼎光电,7
605122.SH,四方新材,7
605123.SH,派克新材,7
605133.SH,嵘泰股份,5
605136.SH,丽人丽妆,5
605151.SH,西上海,7
605155.SH,西大门,7
605158.SH,华达新材,5
605167.SH,利柏特,5
605168.SH,三人行,6
605169.SH,洪通燃气,6
605177.SH,东亚药业,5
605178.SH,时空科技,5
605179.SH,一鸣食品,2
605180.SH,华生科技,7
605183.SH,确成股份,5
605186.SH,健麾信息,7
605188.SH,国光连锁,7
605196.SH,华通线缆,7
605198.SH,安德利,5
605199.SH,葫芦娃,5
605218.SH,伟时电子,5
605228.SH,神通科技,5
605255.SH,天普股份,7
605258.SH,协和电子,5
605259.SH,绿田机械,6
605266.SH,健之佳,7
605268.SH,王力安防,7
605277.SH,新亚电子,7
605286.SH,同力日升,7
605287.SH,德才股份,7
605288.SH,凯迪股份,7
605289.SH,罗曼股份,7
605296.SH,神农集团,7
605298.SH,必得科技,7
605299.SH,舒华体育,5
605300.SH,佳禾食品,7
605303.SH,园林股份,2
605305.SH,中际联合,5
605318.SH,法狮龙,7
605319.SH,无锡振华,7
605333.SH,沪光股份,2
605336.SH,帅丰电器,6
605337.SH,李子园,7
605338.SH,巴比食品,5
605339.SH,南侨食品,5
605365.SH,立达信,7
605366.SH,宏柏新材,6
605368.SH,蓝天燃气,6
605369.SH,拱东医疗,7
605376.SH,博迁新材,7
605377.SH,华旺科技,6
605378.SH,野马电池,7
605388.SH,均瑶健康,5
605389.SH,长龄液压,5
605398.SH,新炬网络,5
605399.SH,晨光新材,4
605499.SH,东鹏饮料,5
605500.SH,森林包装,7
605507.SH,国邦医药,6
605555.SH,德昌股份,7
605566.SH,福莱蒽特,7
605567.SH,春雪食品,7
605577.SH,龙版传媒,7
605580.SH,恒盛能源,5
605588.SH,冠石科技,7
605598.SH,上海港湾,7
605599.SH,菜百股份,7
688003.SH,天准科技,7
688004.SH,博汇科技,5
688005.SH,容百科技,6
688006.SH,杭可科技,7
688007.SH,光峰科技,5
688008.SH,澜起科技,7
688010.SH,福光股份,5
688011.SH,新光光电,5
688012.SH,中微公司,5
688013.SH,天臣医疗,7
688015.SH,交控科技,6
688016.SH,心脉医疗,5
688017.SH,绿的谐波,7
688018.SH,乐鑫科技,5
688019.SH,安集科技,5
688020.SH,方邦股份,5
688021.SH,奥福环保,7
688022.SH,瀚川智能,7
688023.SH,安恒信息,2
688025.SH,杰普特,5
688027.SH,国盾量子,2
688028.SH,沃尔德,5
688031.SH,星环科技-U,2
688032.SH,禾迈股份,7
688033.SH,天宜上佳,5
688035.SH,德邦科技,5
688036.SH,传音控股,7
688037.SH,芯源微,5
688038.SH,中科通达,5
688039.SH,当虹科技,7
688041.SH,海光信息,5
688045.SH,必易微,5
688046.SH,药康生物,5
688047.SH,龙芯中科,7
688048.SH,长光华芯,7
688049.SH,炬芯科技,7
688050.SH,爱博医疗,5
688051.SH,佳华科技,2
688052.SH,纳芯微,7
688053.SH,思科瑞,5
688055.SH,龙腾光电,7
688056.SH,莱伯泰科,7
688057.SH,金达莱,7
688058.SH,宝兰德,2
688060.SH,云涌科技,5
688061.SH,灿瑞科技,7
688062.SH,迈威生物-U,5
688063.SH,派能科技,5
688065.SH,凯赛生物,7
688067.SH,爱威科技,5
688068.SH,热景生物,7
688069.SH,德林海,7
688070.SH,纵横股份,5
688071.SH,华依科技,7
688072.SH,拓荆科技,5
688073.SH,毕得医药,5
688075.SH,安旭生物,7
688076.SH,诺泰生物,5
688077.SH,大地熊,6
688078.SH,龙软科技,5
688079.SH,美迪凯,7
688080.SH,映翰通,7
688081.SH,兴图新科,2
688082.SH,盛美上海,5
688083.SH,中望软件,7
688084.SH,晶品特装,7
688085.SH,三友医疗,7
688086.SH,*ST紫晶,2
688087.SH,英科再生,6
688088.SH,虹软科技,7
688089.SH,嘉必优,5
688090.SH,瑞松科技,7
688091.SH,上海谊众,5
688092.SH,爱科科技,7
688093.SH,世华科技,5
688095.SH,福昕软件,7
688097.SH,博众精工,5
688098.SH,申联生物,7
688099.SH,晶晨股份,5
688100.SH,XD威胜信,5
688101.SH,三达膜,5
688102.SH,斯瑞新材,7
688103.SH,国力股份,5
688105.SH,诺唯赞,7
688106.SH,金宏气体,5
688107.SH,安路科技-U,7
688108.SH,赛诺医疗,2
688109.SH,品茗科技,2
688110.SH,东芯股份,5
688111.SH,金山办公,5
688112.SH,鼎阳科技,7
688113.SH,联测科技,7
688114.SH,华大智造,7
688115.SH,思林杰,5
688117.SH,圣诺生物,7
688118.SH,普元信息,5
688119.SH,中钢洛耐,5
688120.SH,华海清科,7
688121.SH,卓然股份,7
688123.SH,聚辰股份,4
688125.SH,安达智能,7
688127.SH,蓝特光学,5
688128.SH,中国电研,7
688129.SH,东来技术,7
688130.SH,晶华微,5
688131.SH,皓元医药,5
688132.SH,邦彦技术,7
688133.SH,泰坦科技,7
688135.SH,利扬芯片,5
688136.SH,科兴制药,5
688137.SH,近岸蛋白,7
688138.SH,清溢光电,5
688139.SH,海尔生物,5
688141.SH,杰华特,7
688143.SH,长盈通,5
688146.SH,N中船,5
688147.SH,微导纳米,7
688150.SH,莱特光电,5
688151.SH,华强科技,5
688152.SH,麒麟信安,7
688153.SH,唯捷创芯-U,2
688155.SH,先惠技术,2
688156.SH,路德环境,5
688157.SH,松井股份,5
688158.SH,优刻得-W,2
688159.SH,有方科技,2
688160.SH,步科股份,5
688161.SH,威高骨科,5
688162.SH,巨一科技,5
688163.SH,赛伦生物,5
688165.SH,埃夫特-U,2
688167.SH,炬光科技,7
688168.SH,安博通,7
688169.SH,石头科技,7
688170.SH,德龙激光,7
688171.SH,纬德信息,7
688172.SH,燕东微,7
688173.SH,希荻微,5
688175.SH,高凌信息,7
688176.SH,亚虹医药-U,5
688177.SH,百奥泰,2
688178.SH,万德斯,7
688180.SH,君实生物-U,5
688181.SH,八亿时空,4
688182.SH,灿勤科技,7
688183.SH,生益电子,5
688184.SH,帕瓦股份,5
688185.SH,康希诺,5
688188.SH,柏楚电子,5
688189.SH,南新制药,2
688190.SH,云路股份,5
688191.SH,智洋创新,7
688192.SH,迪哲医药-U,2
688193.SH,仁度生物,7
688195.SH,腾景科技,5
688196.SH,卓越新能,6
688197.SH,首药控股-U,2
688198.SH,佰仁医疗,5
688199.SH,久日新材,5
688200.SH,华峰测控,7
688201.SH,信安世纪,4
688202.SH,美迪西,7
688203.SH,海正生材,5
688205.SH,德科立,5
688206.SH,概伦电子,5
688207.SH,格灵深瞳,5
688209.SH,英集芯,7
688210.SH,统联精密,5
688211.SH,中科微至,5
688212.SH,澳华内镜,7
688213.SH,思特威-W,7
688215.SH,瑞晟智能,5
688216.SH,气派科技,5
688217.SH,睿昂基因,5
688218.SH,江苏北人,7
688220.SH,翱捷科技-U,2
688221.SH,前沿生物-U,1
688222.SH,成都先导,7
688225.SH,亚信安全,7
688226.SH,威腾电气,7
688227.SH,品高股份,7
688228.SH,开普云,5
688229.SH,博睿数据,2
688230.SH,芯导科技,5
688231.SH,隆达股份,7
688232.SH,新点软件,5
688233.SH,神工股份,5
688234.SH,天岳先进,2
688235.SH,百济神州-U,2
688236.SH,春立医疗,5
688237.SH,超卓航科,5
688238.SH,和元生物,5
688239.SH,航宇科技,5
688244.SH,永信至诚,7
688246.SH,嘉和美康,5
688247.SH,宣泰医药,5
688248.SH,南网科技,5
688251.SH,井松智能,6
688252.SH,天德钰,5
688253.SH,英诺特,5
688255.SH,凯尔达,7
688256.SH,寒武纪-U,2
688257.SH,新锐股份,7
688258.SH,卓易信息,5
688259.SH,创耀科技,5
688260.SH,昀冢科技,5
688261.SH,东微半导,5
688262.SH,国芯科技,5
688265.SH,南模生物,7
688266.SH,泽璟制药-U,5
688267.SH,中触媒,7
688269.SH,凯立新材,5
688270.SH,臻镭科技,5
688271.SH,联影医疗,7
688272.SH,富吉瑞,2
688273.SH,麦澜德,7
688275.SH,万润新能,7
688276.SH,百克生物,5
688277.SH,天智航-U,2
688278.SH,特宝生物,5
688279.SH,峰岹科技,7
688280.SH,精进电动-UW,2
688281.SH,华秦科技,5
688282.SH,理工导航,7
688283.SH,坤恒顺维,5
688285.SH,高铁电气,5
688286.SH,敏芯股份,5
688287.SH,观典防务,7
688288.SH,鸿泉物联,2
688289.SH,圣湘生物,4
688290.SH,景业智能,5
688291.SH,金橙子,5
688292.SH,浩瀚深度,5
688293.SH,奥浦迈,5
688295.SH,中复神鹰,5
688296.SH,和达科技,5
688297.SH,中无人机,7
688298.SH,东方生物,7
688299.SH,长阳科技,5
688300.SH,联瑞新材,5
688302.SH,海创药业-U,2
688303.SH,大全能源,4
688305.SH,科德数控,7
688306.SH,均普智能,5
688307.SH,中润光学,5
688308.SH,欧科亿,5
688309.SH,*ST恒誉,5
688310.SH,迈得医疗,7
688311.SH,盟升电子,5
688312.SH,燕麦科技,7
688313.SH,仕佳光子,5
688314.SH,康拓医疗,5
688315.SH,诺禾致源,5
688316.SH,青云科技-U,2
688317.SH,之江生物,4
688318.SH,财富趋势,5
688319.SH,欧林生物,7
688320.SH,禾川科技,7
688322.SH,奥比中光-UW,2
688325.SH,赛微微电,5
688326.SH,经纬恒润-W,7
688327.SH,云从科技-UW,5
688329.SH,艾隆科技,5
688330.SH,宏力达,7
688331.SH,荣昌生物,5
688332.SH,中科蓝讯,5
688333.SH,铂力特,5
688335.SH,复洁环保,5
688337.SH,普源精电,5
688338.SH,赛科希德,5
688339.SH,亿华通-U,2
688343.SH,云天励飞-U,5
688345.SH,博力威,5
688348.SH,昱能科技,7
688349.SH,三一重能,7
688351.SH,微电生理-U,5
688352.SH,C颀中,5
688353.SH,华盛锂电,5
688355.SH,明志科技,5
688356.SH,键凯科技,4
688358.SH,祥生医疗,5
688359.SH,三孚新科,2
688360.SH,德马科技,6
688362.SH,甬矽电子,5
688363.SH,华熙生物,5
688365.SH,光云科技,2
688366.SH,昊海生科,5
688367.SH,工大高科,7
688368.SH,晶丰明源,5
688369.SH,致远互联,5
688370.SH,丛麟科技,7
688371.SH,菲沃泰,5
688372.SH,伟测科技,5
688373.SH,盟科药业-U,5
688375.SH,国博电子,5
688376.SH,美埃科技,5
688377.SH,迪威尔,5
688378.SH,奥来德,5
688379.SH,华光新材,5
688380.SH,中微半导,7
688381.SH,帝奥微,5
688382.SH,益方生物-U,2
688383.SH,新益昌,7
688385.SH,复旦微电,4
688386.SH,泛亚微透,5
688387.SH,信科移动-U,5
688389.SH,普门科技,7
688390.SH,固德威,7
688392.SH,骄成超声,7
688393.SH,安必平,5
688395.SH,正弦电气,5
688396.SH,华润微,7
688398.SH,赛特新材,5
688399.SH,硕世生物,7
688400.SH,凌云光,7
688401.SH,路维光电,7
688403.SH,汇成股份,5
688408.SH,中信博,2
688409.SH,富创精密,7
688410.SH,山外山,5
688416.SH,恒烁股份,5
688418.SH,震有科技,5
688419.SH,耐科装备,5
688420.SH,美腾科技,5
688425.SH,铁建重工,5
688426.SH,康为世纪,7
688428.SH,诺诚健华-U,2
688432.SH,有研硅,5
688433.SH,C华曙,5
688435.SH,英方软件,7
688439.SH,振华风光,5
688448.SH,磁谷科技,7
688455.SH,科捷智能,7
688456.SH,有研粉材,5
688459.SH,哈铁科技,5
688466.SH,金科环境,7
688468.SH,科美诊断,7
688475.SH,萤石网络,5
688480.SH,赛恩斯,7
688484.SH,南芯科技,5
688485.SH,九州一轨,5
688486.SH,龙迅股份,5
688488.SH,艾迪药业,5
688489.SH,三未信安,5
688496.SH,清越科技,5
688498.SH,源杰科技,7
688500.SH,慧辰股份,2
688501.SH,青达环保,5
688502.SH,茂莱光学,6
688503.SH,聚和材料,5
688505.SH,复旦张江,5
688506.SH,百利天恒-U,2
688507.SH,C索辰,5
688508.SH,芯朋微,5
688509.SH,正元地信,7
688510.SH,航亚科技,7
688511.SH,天微电子,5
688513.SH,苑东生物,5
688515.SH,裕太微-U,7
688516.SH,奥特维,7
688517.SH,金冠电气,7
688518.SH,联赢激光,5
688520.SH,神州细胞-U,2
688521.SH,芯原股份,5
688522.SH,纳睿雷达,5
688525.SH,佰维存储,5
688526.SH,科前生物,5
688528.SH,秦川物联,5
688529.SH,豪森股份,7
688531.SH,日联科技,6
688533.SH,上声电子,7
688535.SH,华海诚科,5
688536.SH,思瑞浦,5
688538.SH,和辉光电-U,2
688539.SH,C高华,5
688550.SH,瑞联新材,6
688551.SH,科威尔,5
688553.SH,汇宇制药-W,5
688555.SH,*ST泽达,2
688557.SH,兰剑智能,6
688558.SH,国盛智科,5
688559.SH,海目星,7
688560.SH,明冠新材,7
688561.SH,奇安信-U,2
688565.SH,力源科技,2
688566.SH,吉贝尔,7
688567.SH,孚能科技,2
688568.SH,中科星图,5
688569.SH,铁科轨道,6
688571.SH,杭华股份,5
688575.SH,亚辉龙,7
688577.SH,浙海德曼,7
688578.SH,艾力斯-U,7
688579.SH,山大地纬,5
688580.SH,伟思医疗,7
688585.SH,上纬新材,5
688586.SH,江航装备,5
688588.SH,凌志软件,5
688589.SH,力合微,5
688596.SH,正帆科技,7
688597.SH,煜邦电力,5
688600.SH,皖仪科技,7
688601.SH,力芯微,5
688606.SH,奥泰生物,7
688607.SH,康众医疗,7
688608.SH,恒玄科技,5
688609.SH,九联科技,7
688611.SH,杭州柯林,7
688613.SH,奥精医疗,5
688616.SH,西力科技,7
688617.SH,惠泰医疗,5
688618.SH,三旺通信,4
688619.SH,罗普特,5
688621.SH,阳光诺和,5
688622.SH,禾信仪器,2
688625.SH,呈和科技,7
688626.SH,翔宇医疗,7
688628.SH,优利德,5
688630.SH,芯碁微装,5
688633.SH,星球石墨,7
688636.SH,智明达,7
688639.SH,华恒生物,7
688655.SH,迅捷兴,5
688656.SH,浩欧博,7
688658.SH,悦康药业,7
688659.SH,元琛科技,5
688661.SH,和林微纳,7
688662.SH,富信科技,7
688663.SH,新风光,7
688665.SH,四方光电,5
688667.SH,菱电电控,7
688668.SH,鼎通科技,5
688669.SH,聚石化学,5
688670.SH,金迪克,5
688677.SH,海泰新光,4
688678.SH,福立旺,7
688679.SH,通源环境,5
688681.SH,科汇股份,5
688682.SH,霍莱沃,7
688683.SH,莱尔科技,5
688685.SH,迈信林,7
688686.SH,奥普特,5
688690.SH,纳微科技,7
688696.SH,极米科技,7
688697.SH,纽威数控,5
688698.SH,伟创电气,5
688699.SH,明微电子,5
688700.SH,东威科技,5
688701.SH,卓锦股份,2
688707.SH,振华新材,7
688711.SH,宏微科技,7
688718.SH,唯赛勃,5
688722.SH,同益中,5
688728.SH,格科微,7
688733.SH,壹石通,5
688737.SH,中自科技,2
688739.SH,成大生物,5
688766.SH,普冉股份,5
688767.SH,博拓生物,7
688768.SH,容知日新,5
688776.SH,国光电气,5
688777.SH,中控技术,7
688778.SH,厦钨新能,6
688786.SH,悦安新材,5
688787.SH,海天瑞声,7
688788.SH,科思科技,2
688789.SH,宏华数科,7
688793.SH,倍轻松,2
688798.SH,艾为电子,5
688799.SH,华纳药厂,7
688800.SH,瑞可达,5
689009.SH,九号公司-WD,5
830799.BJ,艾融软件,7
830809.BJ,安达科技,6
830832.BJ,齐鲁华信,7
830839.BJ,万通液压,6
830879.BJ,基康仪器,5
830896.BJ,旺成科技,5
830946.BJ,森萱医药,5
830964.BJ,润农节水,5
830974.BJ,凯大催化,5
831010.BJ,凯添燃气,5
831039.BJ,国义招标,5
831087.BJ,秋乐种业,5
831152.BJ,昆工科技,7
831167.BJ,鑫汇科,7
831195.BJ,三祥科技,7
831278.BJ,泰德股份,7
831304.BJ,迪尔化工,6
831305.BJ,海希通讯,5
831370.BJ,新安洁,7
831445.BJ,龙竹科技,5
831526.BJ,凯华材料,5
831641.BJ,格利尔,7
831689.BJ,克莱特,7
831726.BJ,朱老六,7
831768.BJ,拾比佰,7
831832.BJ,科达自控,7
831834.BJ,三维股份,7
831855.BJ,浙江大农,6
831856.BJ,浩淼科技,7
831906.BJ,舜宇精工,5
831961.BJ,创远信科,5
832000.BJ,安徽凤凰,7
832023.BJ,田野股份,7
832089.BJ,禾昌聚合,6
832110.BJ,雷特科技,7
832145.BJ,恒合股份,7
832149.BJ,利尔达,7
832171.BJ,志晟信息,7
832225.BJ,利通科技,6
832278.BJ,鹿得医疗,7
832419.BJ,路斯股份,6
832491.BJ,奥迪威,5
832566.BJ,梓橦宫,7
832662.BJ,方盛股份,6
832735.BJ,德源药业,4
832802.BJ,保丽洁,7
832876.BJ,慧为智能,7
832885.BJ,星辰科技,5
833075.BJ,柏星龙,7
833230.BJ,欧康医药,5
833266.BJ,生物谷,7
833346.BJ,威贸电子,7
833427.BJ,华维设计,5
833429.BJ,康比特,7
833454.BJ,同心传动,5
833509.BJ,同惠电子,5
833523.BJ,德瑞锂电,5
833533.BJ,骏创科技,7
833575.BJ,康乐卫士,5
833580.BJ,科创新材,7
833781.BJ,瑞奇智造,6
833873.BJ,中设咨询,7
833914.BJ,远航精密,7
833943.BJ,优机股份,6
834014.BJ,特瑞斯,6
834021.BJ,流金科技,7
834033.BJ,康普化学,4
834062.BJ,科润智控,6
834261.BJ,一诺威,6
834407.BJ,驰诚股份,5
834415.BJ,恒拓开源,7
834475.BJ,三友科技,7
834599.BJ,同力股份,7
834639.BJ,晨光电缆,7
834682.BJ,球冠电缆,6
834765.BJ,美之高,5
834770.BJ,艾能聚,5
834950.BJ,迅安科技,7
835174.BJ,五新隧装,6
835179.BJ,凯德石英,5
835184.BJ,国源科技,2
835185.BJ,贝特瑞,6
835207.BJ,众诚科技,7
835237.BJ,力佳科技,7
835305.BJ,云创数据,7
835368.BJ,连城数控,7
835508.BJ,殷图网联,7
835640.BJ,富士达,6
835670.BJ,数字人,2
835857.BJ,百甲科技,5
835892.BJ,中科美菱,5
835985.BJ,海泰新能,7
836077.BJ,吉林碳谷,7
836149.BJ,旭杰科技,2
836239.BJ,长虹能源,7
836247.BJ,华密新材,6
836260.BJ,中寰股份,6
836263.BJ,中航泰达,7
836270.BJ,天铭科技,6
836395.BJ,朗鸿科技,4
836414.BJ,欧普泰,7
836422.BJ,润普食品,6
836433.BJ,大唐药业,7
836675.BJ,秉扬科技,6
836720.BJ,吉冈精密,5
836807.BJ,奔朗新材,7
836826.BJ,盖世食品,7
836871.BJ,派特尔,7
836892.BJ,广咨国际,6
836942.BJ,恒立钻具,6
836957.BJ,汉维科技,6
837046.BJ,亿能电力,7
837092.BJ,汉鑫科技,5
837212.BJ,智新电子,5
837242.BJ,建邦科技,6
837344.BJ,三元基因,5
837663.BJ,明阳科技,6
837821.BJ,则成电子,7
838030.BJ,德众汽车,7
838163.BJ,方大新材,5
838171.BJ,邦德股份,5
838227.BJ,美登科技,4
838262.BJ,太湖雪,6
838275.BJ,驱动力,5
838402.BJ,硅烷科技,5
838670.BJ,恒进感应,4
838810.BJ,春光药装,7
838924.BJ,广脉科技,5
838971.BJ,天马新材,5
839167.BJ,同享科技,5
839273.BJ,一致魔芋,6
839371.BJ,欧福蛋业,7
839680.BJ,广道数字,7
839725.BJ,惠丰钻石,5
839729.BJ,永顺生物,5
839790.BJ,联迪信息,7
839792.BJ,东和新材,5
839946.BJ,华阳变速,2
870199.BJ,倍益康,4
870204.BJ,沪江材料,5
870299.BJ,灿能电力,7
870357.BJ,雅葆轩,7
870436.BJ,大地电气,7
870508.BJ,丰安股份,7
870866.BJ,绿亨科技,5
871245.BJ,威博液压,6
871396.BJ,常辅股份,7
871553.BJ,凯腾精工,5
871634.BJ,新威凌,7
871642.BJ,通易航天,5
871753.BJ,天纺标,5
871857.BJ,泓禧科技,6
871970.BJ,大禹生物,7
871981.BJ,晶赛科技,6
872190.BJ,雷神科技,6
872351.BJ,华光源海,7
872374.BJ,云里物里,7
872392.BJ,佳合科技,7
872541.BJ,铁大科技,5
872808.BJ,曙光数创,5
872895.BJ,花溪科技,5
872925.BJ,锦好医疗,5
873001.BJ,纬达光电,5
873122.BJ,中纺标,7
873152.BJ,天宏锂电,7
873167.BJ,新赣江,7
873169.BJ,七丰精工,7
873223.BJ,荣亿精密,7
873305.BJ,九菱科技,7
873339.BJ,恒太照明,6
873527.BJ,夜光明,6
873593.BJ,鼎智科技,5
